face_size_iod_px,ear_right,ear_left,ear_mean,mar,mouth_open_iod,mouth_width_iod,smile_lift_iod,brow_raise_right,brow_raise_left,brow_raise_mean,brow_inner_dist_iod,gaze_h_right,gaze_h_left,gaze_h_mean,gaze_v_mean,head_pitch,head_yaw,head_roll,participant_code,frame,time_sec
185.49054,0.30586,0.26775,0.2868,0.00105,0.00056,0.58968,0.0142,0.22147,0.212,0.21674,0.33224,0.49093,0.48504,0.48799,0.44845,10.34578,1.50504,-0.8627,Y2c-001,0,0.0
185.37912,0.2989,0.29104,0.29497,0.00271,0.00151,0.60999,0.02853,0.22582,0.21137,0.2186,0.33005,0.49097,0.49881,0.49489,0.45851,11.26957,1.26136,-1.02562,Y2c-001,1,0.03333
185.22664,0.29569,0.28477,0.29023,0.00673,0.00365,0.59566,0.03013,0.22055,0.21529,0.21792,0.3379,0.48572,0.50369,0.4947,0.46786,10.0003,1.08437,-1.35396,Y2c-001,2,0.06667
186.01099,0.27489,0.29085,0.28287,0.18593,0.10321,0.61225,0.04658,0.22276,0.20727,0.21501,0.3343,0.47978,0.49585,0.48782,0.45823,8.95989,3.11843,-1.52224,Y2c-001,3,0.1
185.28269,0.30275,0.27689,0.28982,0.21163,0.12248,0.63607,0.05473,0.2209,0.20822,0.21456,0.32938,0.47876,0.50312,0.49094,0.44723,8.37192,4.53891,-1.311,Y2c-001,4,0.13333
184.00205,0.31586,0.27092,0.29339,0.24026,0.14475,0.66202,0.04763,0.22709,0.21372,0.2204,0.33709,0.48976,0.48342,0.48659,0.47258,7.46004,4.80526,-1.10057,Y2c-001,5,0.16667
183.83015,0.30393,0.26025,0.28209,0.26218,0.16188,0.67823,0.04765,0.22694,0.21413,0.22054,0.33516,0.48466,0.48475,0.4847,0.48634,6.93257,4.14106,-0.57452,Y2c-001,6,0.2
183.55446,0.30252,0.26689,0.28471,0.25885,0.16226,0.68712,0.05067,0.22424,0.21447,0.21936,0.33588,0.48935,0.47647,0.48291,0.51723,6.80069,2.81442,-0.32874,Y2c-001,7,0.23333
183.44108,0.30221,0.27157,0.28689,0.23967,0.1529,0.6977,0.06069,0.22277,0.20776,0.21526,0.33371,0.48182,0.47115,0.47648,0.47653,8.06936,2.79585,-0.26337,Y2c-001,8,0.26667
182.45834,0.3015,0.25623,0.27887,0.24421,0.15818,0.70681,0.06875,0.22342,0.20988,0.21665,0.32894,0.47979,0.46752,0.47365,0.49545,9.66245,2.36682,0.02265,Y2c-001,9,0.3
182.77119,0.27273,0.24432,0.25853,0.24136,0.15723,0.70945,0.07128,0.2239,0.21662,0.22026,0.32779,0.47229,0.48121,0.47675,0.46019,9.78089,2.31444,0.04752,Y2c-001,10,0.33333
182.36128,0.27896,0.24567,0.26232,0.2507,0.16777,0.72835,0.0795,0.22112,0.21421,0.21766,0.32747,0.4719,0.48142,0.47666,0.47745,10.05356,2.1171,-0.03999,Y2c-001,11,0.36667
179.94334,0.28526,0.23199,0.25863,0.25667,0.17144,0.72768,0.08529,0.22255,0.21794,0.22025,0.32934,0.46498,0.46981,0.4674,0.49075,9.09292,3.67135,0.60884,Y2c-001,12,0.4
178.92306,0.27166,0.24015,0.25591,0.25445,0.16883,0.72309,0.09092,0.21998,0.21522,0.2176,0.32931,0.45757,0.46627,0.46192,0.52335,9.21158,2.79359,0.56547,Y2c-001,13,0.43333
177.0432,0.28355,0.2334,0.25848,0.25364,0.16589,0.71232,0.08101,0.22157,0.21503,0.2183,0.32561,0.46128,0.45733,0.4593,0.48916,8.96045,3.53718,0.76994,Y2c-001,14,0.46667
176.44913,0.27909,0.23116,0.25512,0.25577,0.16615,0.70679,0.0754,0.22311,0.21565,0.21938,0.32893,0.47237,0.44584,0.45911,0.52468,8.05372,3.36393,0.7334,Y2c-001,15,0.5
175.62408,0.28465,0.22612,0.25538,0.26268,0.16602,0.68961,0.07093,0.21973,0.21854,0.21913,0.32658,0.4587,0.45285,0.45577,0.53109,6.40823,4.51844,0.90705,Y2c-001,16,0.53333
175.58464,0.27362,0.21071,0.24217,0.23708,0.14545,0.67314,0.04327,0.22269,0.22035,0.22152,0.32536,0.45526,0.46308,0.45917,0.50338,5.10443,3.99201,0.81507,Y2c-001,17,0.56667
176.30971,0.27717,0.22149,0.24933,0.11861,0.07125,0.66355,0.01692,0.21773,0.22114,0.21944,0.33332,0.47318,0.47815,0.47566,0.49771,7.08204,0.80509,0.14283,Y2c-001,18,0.6
175.23047,0.24486,0.21489,0.22987,0.00071,0.00042,0.64017,-0.00153,0.22943,0.21998,0.22471,0.33047,0.47215,0.47535,0.47375,0.46608,8.05744,0.26208,-0.10441,Y2c-001,19,0.63333
173.55377,0.25088,0.21587,0.23338,0.00245,0.00142,0.63711,-0.00426,0.23118,0.22117,0.22618,0.33132,0.47625,0.48128,0.47876,0.46405,8.99621,1.29545,-0.47196,Y2c-001,20,0.66667
172.28374,0.27848,0.22316,0.25082,0.00143,0.00084,0.64439,-0.00352,0.2232,0.22349,0.22334,0.32698,0.47046,0.46432,0.46739,0.4731,9.45666,0.98923,-0.70309,Y2c-001,21,0.7
172.8835,0.27103,0.25109,0.26106,0.00148,0.00087,0.64146,0.0057,0.22399,0.21398,0.21898,0.3266,0.47438,0.47794,0.47616,0.46278,10.67854,0.34135,-0.58251,Y2c-001,22,0.73333
170.84358,0.27943,0.25617,0.2678,0.07154,0.04163,0.64335,0.02285,0.22714,0.21413,0.22063,0.32836,0.47238,0.48096,0.47667,0.46054,9.95836,2.75594,-0.10629,Y2c-001,23,0.76667
171.53001,0.27965,0.26806,0.27386,0.19714,0.11809,0.66042,0.05205,0.2249,0.21005,0.21747,0.32603,0.4794,0.48767,0.48354,0.46219,9.49025,4.98602,0.93561,Y2c-001,24,0.8
171.30163,0.28425,0.23247,0.25836,0.21426,0.13586,0.69391,0.07701,0.22248,0.21276,0.21762,0.32283,0.47642,0.46282,0.46962,0.47018,12.21654,1.50661,1.14488,Y2c-001,25,0.83333
169.52228,0.28461,0.22779,0.2562,0.2165,0.13991,0.70583,0.08585,0.22275,0.21441,0.21858,0.32162,0.47588,0.45679,0.46634,0.48206,12.92916,1.08236,1.40041,Y2c-001,26,0.86667
169.99154,0.26815,0.22508,0.24662,0.22224,0.14399,0.70648,0.08773,0.22211,0.21536,0.21873,0.32448,0.48147,0.46059,0.47103,0.48774,13.03083,0.1183,1.07096,Y2c-001,27,0.9
170.42845,0.27231,0.23766,0.25499,0.22907,0.1489,0.70843,0.09119,0.22157,0.20838,0.21498,0.31969,0.47132,0.484,0.47766,0.46037,14.47051,-0.05187,1.22143,Y2c-001,28,0.93333
170.1128,0.25598,0.23603,0.24601,0.2228,0.14449,0.70751,0.08931,0.21898,0.20815,0.21356,0.32084,0.47584,0.48716,0.4815,0.47088,13.96042,-0.07076,1.05063,Y2c-001,29,0.96667
169.39954,0.26243,0.24012,0.25128,0.20588,0.13116,0.6958,0.08399,0.22146,0.20949,0.21547,0.32096,0.47451,0.48507,0.47979,0.47361,14.02257,-0.72621,0.96593,Y2c-001,30,1.0
168.84358,0.25939,0.24061,0.25,0.19584,0.1216,0.67827,0.07635,0.22051,0.20878,0.21464,0.32349,0.47288,0.4857,0.47929,0.46172,13.52489,-0.5383,0.75827,Y2c-001,31,1.03333
168.84802,0.25064,0.23651,0.24357,0.17888,0.10785,0.66114,0.05539,0.22293,0.20956,0.21625,0.32663,0.46991,0.48826,0.47909,0.46614,12.07606,0.06953,0.77671,Y2c-001,32,1.06667
167.89748,0.25737,0.23372,0.24555,0.14917,0.08768,0.64769,0.04134,0.22242,0.20891,0.21566,0.32522,0.4659,0.48123,0.47356,0.45939,11.04564,0.88884,0.56836,Y2c-001,33,1.1
167.54899,0.25943,0.23209,0.24576,0.10775,0.06327,0.64743,0.0254,0.21981,0.20866,0.21424,0.32482,0.467,0.47101,0.46901,0.45942,10.18159,1.32069,0.42813,Y2c-001,34,1.13333
167.82463,0.25347,0.24006,0.24677,0.06352,0.03748,0.64924,0.02269,0.22116,0.20848,0.21482,0.3276,0.46409,0.48455,0.47432,0.47525,10.86864,0.13651,0.14999,Y2c-001,35,1.16667
168.10199,0.24458,0.24085,0.24272,0.00403,0.00233,0.63595,0.01844,0.22559,0.20739,0.21649,0.32951,0.46881,0.48175,0.47528,0.47262,11.20728,0.37551,0.04465,Y2c-001,36,1.2
167.65961,0.24679,0.22647,0.23663,0.00573,0.00325,0.62237,0.01095,0.22699,0.21174,0.21937,0.33171,0.46883,0.47272,0.47077,0.47431,10.26636,0.37775,0.07259,Y2c-001,37,1.23333
168.2352,0.24905,0.22969,0.23937,0.00548,0.00309,0.62018,0.00664,0.22611,0.21064,0.21838,0.32993,0.47163,0.47007,0.47085,0.47875,10.50155,-0.65899,0.00345,Y2c-001,38,1.26667
168.19515,0.26054,0.23383,0.24718,0.00579,0.00331,0.62836,0.00497,0.22477,0.21052,0.21765,0.32675,0.47476,0.47172,0.47324,0.47273,10.82575,-0.81834,-0.0793,Y2c-001,39,1.3
168.18494,0.25438,0.22578,0.24008,0.0037,0.00211,0.62546,0.00384,0.2263,0.21165,0.21898,0.33206,0.4723,0.47181,0.47205,0.48031,10.45536,-0.32752,-0.23259,Y2c-001,40,1.33333
167.97543,0.25566,0.2232,0.23943,0.00313,0.00179,0.6259,0.00373,0.22412,0.2106,0.21736,0.33214,0.47085,0.47222,0.47154,0.48874,10.25908,-0.95192,-0.30684,Y2c-001,41,1.36667
167.74082,0.25619,0.21798,0.23709,0.00222,0.00128,0.62826,0.00138,0.22193,0.21471,0.21832,0.33465,0.46465,0.47134,0.46799,0.5021,9.66039,-1.22866,-0.35359,Y2c-001,42,1.4
167.82993,0.26439,0.21375,0.23907,0.00239,0.00138,0.63087,0.00172,0.22061,0.21584,0.21823,0.33221,0.46718,0.46635,0.46677,0.4734,10.09405,-1.12286,-0.31715,Y2c-001,43,1.43333
167.98504,0.27235,0.21881,0.24558,0.00312,0.00178,0.62643,-0.00027,0.21926,0.21568,0.21747,0.32905,0.47066,0.4622,0.46643,0.45982,10.05163,-0.64072,-0.26595,Y2c-001,44,1.46667
168.37581,0.27257,0.22041,0.24649,0.00256,0.00146,0.62399,-0.00157,0.21872,0.2148,0.21676,0.32932,0.47082,0.46293,0.46687,0.46213,9.90555,-0.94587,-0.27112,Y2c-001,45,1.5
168.02977,0.26619,0.21926,0.24272,0.00327,0.00186,0.62408,-0.0002,0.22231,0.21422,0.21827,0.33042,0.47057,0.46239,0.46648,0.46581,9.48676,-0.99948,-0.42595,Y2c-001,46,1.53333
168.47983,0.26129,0.2216,0.24145,0.00347,0.00196,0.61725,-0.00077,0.22582,0.21487,0.22035,0.33087,0.47004,0.46341,0.46673,0.47171,9.40544,-1.60151,-0.61825,Y2c-001,47,1.56667
169.10743,0.26412,0.22596,0.24504,0.00188,0.00106,0.61673,-7e-05,0.22508,0.21517,0.22012,0.32998,0.47281,0.46444,0.46862,0.47322,9.25732,-0.9019,-0.67057,Y2c-001,48,1.6
169.59561,0.25879,0.23154,0.24516,0.00272,0.00152,0.61162,0.00057,0.22707,0.21231,0.21969,0.33071,0.47093,0.46689,0.46891,0.47313,9.43853,-0.64374,-0.71419,Y2c-001,49,1.63333
170.30188,0.24557,0.23893,0.24225,0.00311,0.00173,0.60977,0.00252,0.22968,0.2096,0.21964,0.3336,0.46985,0.47192,0.47089,0.47488,9.56104,-1.00883,-0.97374,Y2c-001,50,1.66667
172.14534,0.25588,0.24171,0.24879,0.00158,0.00085,0.59323,0.00446,0.22148,0.20911,0.21529,0.33471,0.47115,0.47986,0.47551,0.48202,10.18762,-0.94174,-1.0271,Y2c-001,51,1.7
171.60936,0.25506,0.23669,0.24587,0.00434,0.00236,0.59775,0.00501,0.22425,0.20826,0.21625,0.3354,0.47148,0.47684,0.47416,0.48829,9.35768,-0.84693,-1.12217,Y2c-001,52,1.73333
172.07024,0.25925,0.22318,0.24121,0.00276,0.00151,0.59881,0.0049,0.2252,0.2115,0.21835,0.33547,0.47244,0.47324,0.47284,0.49736,9.01432,-1.42073,-1.2075,Y2c-001,53,1.76667
172.29352,0.26899,0.21889,0.24394,0.00619,0.00339,0.59981,0.01021,0.22314,0.21176,0.21745,0.33266,0.47178,0.47253,0.47215,0.49796,9.48937,-2.27545,-1.241,Y2c-001,54,1.8
172.78894,0.26172,0.23854,0.25013,0.00699,0.00386,0.60566,0.00921,0.22452,0.20749,0.21601,0.33011,0.46957,0.47865,0.47411,0.47712,9.45504,-0.15116,-1.23252,Y2c-001,55,1.83333
173.16533,0.25599,0.23117,0.24358,0.01324,0.00733,0.60638,0.01022,0.22696,0.21416,0.22056,0.33333,0.45716,0.48205,0.46961,0.44871,8.95611,-0.22418,-1.41541,Y2c-001,56,1.86667
171.34313,0.24704,0.2005,0.22377,0.006,0.00333,0.6092,0.00975,0.23619,0.24132,0.23875,0.3466,0.41354,0.52611,0.46983,0.45239,7.98555,-1.63753,-2.01004,Y2c-001,57,1.9
154.98493,0.15542,0.30205,0.22873,0.31062,0.18032,0.64385,0.03484,0.24581,0.23621,0.24101,0.31824,0.54441,0.47873,0.51157,0.41161,-1.67774,2.98169,0.59498,Y2c-002,0,0.0
163.99338,0.19932,0.30002,0.24967,0.27017,0.15116,0.61805,0.02798,0.25026,0.24255,0.2464,0.31032,0.49937,0.44694,0.47315,0.51225,-1.28729,-3.16782,0.9963,Y2c-002,1,0.03333
166.49511,0.21482,0.29001,0.25242,0.25472,0.13802,0.59996,0.03143,0.23903,0.23956,0.23929,0.31502,0.50036,0.49717,0.49877,0.40791,0.67409,0.96903,0.01974,Y2c-002,2,0.06667
165.40411,0.26161,0.30702,0.28432,0.23271,0.12972,0.61902,0.03136,0.23093,0.24073,0.23583,0.30709,0.52132,0.48582,0.50357,0.43387,1.12264,5.3246,-0.22402,Y2c-002,3,0.1
168.62847,0.23597,0.31388,0.27492,0.22163,0.1223,0.61285,0.029,0.2386,0.22596,0.23228,0.31471,0.52859,0.46803,0.49831,0.39047,0.46813,9.09009,-1.44116,Y2c-002,4,0.13333
165.87375,0.26718,0.33169,0.29944,0.21439,0.12016,0.62384,0.02383,0.23244,0.21613,0.22429,0.30994,0.5062,0.51176,0.50898,0.35866,0.93853,10.66029,-2.34784,Y2c-002,5,0.16667
167.41652,0.27927,0.33366,0.30646,0.20744,0.11417,0.6111,0.0231,0.22498,0.21975,0.22237,0.31289,0.54409,0.55949,0.55179,0.35449,1.2454,11.0702,-3.25403,Y2c-002,6,0.2
171.05027,0.26968,0.32177,0.29573,0.18299,0.09986,0.60661,0.02138,0.22252,0.21246,0.21749,0.32505,0.53776,0.58813,0.56294,0.3977,1.00765,9.1656,-3.91707,Y2c-002,7,0.23333
170.70022,0.25718,0.33302,0.2951,0.17623,0.09724,0.61304,0.0244,0.20679,0.2164,0.2116,0.31495,0.52281,0.59385,0.55833,0.45131,0.88471,9.67351,-3.59509,Y2c-002,8,0.26667
171.23825,0.25148,0.3407,0.29609,0.19058,0.10658,0.62043,0.03234,0.22017,0.21115,0.21566,0.31654,0.56564,0.58275,0.5742,0.44573,0.21007,10.93322,-4.747,Y2c-002,9,0.3
170.11072,0.2555,0.30043,0.27797,0.24659,0.13135,0.59106,0.04856,0.22379,0.22955,0.22667,0.31365,0.54724,0.54687,0.54705,0.46818,0.77624,16.31578,-5.1767,Y2c-002,10,0.33333
169.74155,0.25447,0.31744,0.28595,0.16245,0.08576,0.58702,0.0421,0.2176,0.22771,0.22266,0.31666,0.53398,0.57764,0.55581,0.41831,1.23595,16.47155,-5.57491,Y2c-002,11,0.36667
172.21833,0.25568,0.31619,0.28594,0.13237,0.06784,0.57035,0.02763,0.21576,0.22518,0.22047,0.30607,0.52617,0.57045,0.54831,0.34631,1.20994,13.76858,-5.92394,Y2c-002,12,0.4
169.25368,0.26619,0.31315,0.28967,0.14631,0.07513,0.57111,0.02467,0.22245,0.22857,0.22551,0.31304,0.52876,0.55426,0.54151,0.31368,0.77408,15.90605,-6.78543,Y2c-002,13,0.43333
169.37194,0.29484,0.29376,0.2943,0.20995,0.1037,0.55182,0.02233,0.22387,0.2413,0.23259,0.30716,0.54001,0.56294,0.55148,0.34107,1.85273,17.95311,-6.64566,Y2c-002,14,0.46667
167.4437,0.25733,0.26551,0.26142,0.20442,0.10048,0.55025,0.02119,0.23674,0.24269,0.23971,0.31803,0.5562,0.52792,0.54206,0.35031,1.49626,18.67965,-8.11528,Y2c-002,15,0.5
168.39972,0.23414,0.277,0.25557,0.1909,0.09482,0.55235,0.02537,0.22949,0.2455,0.23749,0.31248,0.474,0.56159,0.5178,0.31619,0.31713,15.36548,-7.45062,Y2c-002,16,0.53333
168.15862,0.22935,0.29494,0.26214,0.12846,0.06387,0.55145,0.02647,0.22121,0.23753,0.22937,0.31379,0.52862,0.57981,0.55422,0.31899,0.98213,14.98111,-7.85335,Y2c-002,17,0.56667
169.45646,0.17196,0.2465,0.20923,0.01367,0.00694,0.55974,0.0353,0.23105,0.23648,0.23376,0.32784,0.51842,0.53724,0.52783,0.21539,0.98152,12.08607,-7.55116,Y2c-002,18,0.6
164.89428,0.04936,0.24989,0.14963,0.02139,0.01131,0.58072,0.03833,0.26837,0.24848,0.25843,0.3322,0.57052,0.72938,0.64995,-0.40649,0.72499,9.99337,-7.88069,Y2c-002,19,0.63333
165.14396,0.07868,0.23082,0.15475,0.00947,0.00502,0.58149,0.05268,0.25835,0.24679,0.25257,0.32737,0.57473,0.7167,0.64572,-0.09738,0.72599,11.65877,-6.6979,Y2c-002,20,0.66667
171.48565,0.06299,0.18685,0.12492,0.1624,0.08378,0.57187,0.05139,0.25797,0.24241,0.25019,0.33435,0.57389,0.59669,0.58529,-0.1127,3.4811,8.81285,-5.13474,Y2c-002,21,0.7
163.50241,0.05926,0.20829,0.13378,0.18381,0.10375,0.62401,0.07047,0.27144,0.25173,0.26159,0.31911,0.56812,0.75775,0.66293,-0.13502,4.0779,5.31151,-3.89822,Y2c-002,22,0.73333
171.64911,0.09886,0.13745,0.11816,0.19726,0.10455,0.58428,0.06349,0.25058,0.24538,0.24798,0.34415,0.56728,0.59435,0.58082,0.19325,6.60963,-0.66096,-1.95187,Y2c-002,23,0.76667
165.30633,0.05242,0.17569,0.11406,0.1983,0.10892,0.60622,0.07702,0.2658,0.23975,0.25277,0.34557,0.65938,0.52828,0.59383,0.0052,8.55511,-7.00412,-0.35836,Y2c-002,24,0.8
167.47639,0.07898,0.18335,0.13117,0.20162,0.10962,0.59862,0.08127,0.24916,0.22739,0.23827,0.32413,0.56388,0.63246,0.59817,0.57312,10.73938,-8.28291,1.99692,Y2c-002,25,0.83333
161.70653,0.11505,0.24009,0.17757,0.19201,0.10756,0.61589,0.0893,0.23455,0.22427,0.22941,0.3108,0.62623,0.68511,0.65567,0.5749,10.56802,-13.02514,4.1462,Y2c-002,26,0.86667
158.66096,0.15138,0.27535,0.21337,0.20255,0.11393,0.61927,0.08662,0.22436,0.21892,0.22164,0.28367,0.48614,0.43956,0.46285,0.68167,8.31595,-18.05652,6.64269,Y2c-002,27,0.9
162.33882,0.23441,0.30823,0.27132,0.18834,0.10031,0.58752,0.08257,0.19732,0.21303,0.20517,0.29527,0.35872,0.38271,0.37072,0.68057,7.43374,-16.87656,8.75385,Y2c-002,28,0.93333
161.99067,0.25492,0.29828,0.2766,0.17131,0.0929,0.59674,0.08385,0.18325,0.21791,0.20058,0.2977,0.43073,0.37748,0.40411,0.68263,9.00899,-17.47905,8.75961,Y2c-002,29,0.96667
161.1535,0.24719,0.28175,0.26447,0.14179,0.07676,0.5968,0.08134,0.18814,0.22245,0.2053,0.29281,0.42558,0.42022,0.4229,0.75093,8.10291,-17.07468,8.86518,Y2c-002,30,1.0
161.53524,0.23149,0.28607,0.25878,0.1297,0.07005,0.59619,0.08024,0.19885,0.21631,0.20758,0.29592,0.40978,0.37123,0.39051,0.65139,7.84034,-17.7233,9.27818,Y2c-002,31,1.03333
158.81388,0.22001,0.30176,0.26089,0.09776,0.05399,0.60656,0.07368,0.20077,0.2095,0.20513,0.2891,0.39967,0.54397,0.47182,0.61925,7.0324,-18.96709,8.50952,Y2c-002,32,1.06667
158.98674,0.2158,0.29608,0.25594,0.05041,0.02832,0.61479,0.072,0.20148,0.21321,0.20734,0.29126,0.43569,0.52332,0.47951,0.59412,8.63517,-17.00419,8.19453,Y2c-002,33,1.1
157.5448,0.21915,0.29135,0.25525,0.06433,0.03599,0.61381,0.06617,0.2039,0.21613,0.21001,0.28893,0.42099,0.42702,0.42401,0.68007,8.33849,-16.40196,8.29517,Y2c-002,34,1.13333
157.99096,0.24242,0.36524,0.30383,0.01842,0.0103,0.61243,0.05788,0.19014,0.20683,0.19848,0.28664,0.43623,0.38138,0.40881,0.65519,7.79576,-15.42718,8.42561,Y2c-002,35,1.16667
159.65479,0.24787,0.35779,0.30283,0.00647,0.00353,0.59738,0.06007,0.19046,0.19248,0.19147,0.28608,0.44411,0.49348,0.46879,0.5516,8.19782,-16.87155,7.38497,Y2c-002,36,1.2
157.85488,0.23481,0.3321,0.28345,0.00512,0.00285,0.60919,0.05503,0.20266,0.21185,0.20726,0.29561,0.43056,0.43279,0.43167,0.59672,7.19788,-16.78499,7.59537,Y2c-002,37,1.23333
155.89029,0.23775,0.3343,0.28602,0.00228,0.00127,0.60776,0.06111,0.19312,0.20734,0.20023,0.28448,0.42669,0.47355,0.45012,0.4851,7.44483,-17.70311,7.05487,Y2c-002,38,1.26667
156.53448,0.23764,0.33534,0.28649,0.00146,0.00081,0.60841,0.05215,0.20065,0.20851,0.20458,0.28569,0.42804,0.46935,0.44869,0.51283,6.4644,-17.41884,7.32622,Y2c-002,39,1.3
156.99911,0.24622,0.3118,0.27901,0.00601,0.00333,0.6085,0.05512,0.20337,0.21176,0.20757,0.28926,0.433,0.50553,0.46927,0.44222,8.12124,-17.07426,6.57496,Y2c-002,40,1.33333
132.26168,0.28142,0.2991,0.29026,0.36384,0.20521,0.62369,0.01721,0.27619,0.26251,0.26935,0.29856,0.32438,0.61334,0.46886,0.41035,-4.02216,20.23812,-8.83256,Y2c-003,0,0.0
132.84892,0.30866,0.24596,0.27731,0.30719,0.16207,0.58677,0.00293,0.28063,0.278,0.27932,0.29847,0.3457,0.56392,0.45481,0.40346,-3.02714,21.86351,-8.66789,Y2c-003,1,0.03333
132.24494,0.3178,0.2454,0.2816,0.2923,0.15844,0.60494,0.001,0.27715,0.28413,0.28064,0.3101,0.3574,0.542,0.4497,0.43561,-3.44363,24.53217,-7.17931,Y2c-003,2,0.06667
131.05367,0.32684,0.27403,0.30043,0.39923,0.21256,0.59736,0.00793,0.28447,0.28061,0.28254,0.31028,0.34883,0.5327,0.44077,0.43308,-2.8246,27.39217,-5.11141,Y2c-003,3,0.1
130.17628,0.34222,0.23707,0.28964,0.41837,0.22512,0.59869,0.01533,0.28601,0.30307,0.29454,0.31359,0.33255,0.51,0.42128,0.40126,-2.06367,28.83038,-2.9786,Y2c-003,4,0.13333
129.0956,0.34067,0.23873,0.2897,0.44991,0.24707,0.61299,0.01617,0.27812,0.30083,0.28948,0.32037,0.32976,0.5239,0.42683,0.46399,-0.55877,29.28765,-0.69839,Y2c-003,5,0.16667
129.42179,0.32735,0.26467,0.29601,0.46956,0.25,0.59465,0.02389,0.27353,0.29428,0.2839,0.31974,0.35279,0.52752,0.44015,0.46505,-0.43611,28.61405,0.69547,Y2c-003,6,0.2
130.30908,0.34951,0.27099,0.31025,0.31495,0.16388,0.58107,0.02264,0.27607,0.28384,0.27995,0.31286,0.3549,0.54011,0.4475,0.47392,-0.38613,27.10364,0.96276,Y2c-003,7,0.23333
132.58767,0.32221,0.28062,0.30142,0.01596,0.00861,0.59557,0.00689,0.27341,0.28229,0.27785,0.31857,0.36014,0.54769,0.45391,0.43994,-0.24294,20.05442,0.52127,Y2c-003,8,0.26667
132.6399,0.34086,0.27929,0.31008,0.00279,0.00149,0.5909,-0.00321,0.26735,0.28553,0.27644,0.31401,0.36974,0.51862,0.44418,0.44985,0.31498,19.62422,-1.06476,Y2c-003,9,0.3
132.22983,0.34059,0.28035,0.31047,0.00363,0.00197,0.60233,-0.00154,0.27362,0.27694,0.27528,0.31173,0.36096,0.54193,0.45145,0.43776,-0.03435,17.32091,-2.10034,Y2c-003,10,0.33333
133.74066,0.34519,0.30434,0.32477,0.00402,0.00211,0.58009,-0.00135,0.26582,0.26477,0.2653,0.30391,0.36067,0.58322,0.47194,0.46251,-0.63413,17.72745,-3.37919,Y2c-003,11,0.36667
135.02371,0.33385,0.29056,0.3122,0.00478,0.00256,0.59366,0.00628,0.25939,0.27,0.26469,0.30636,0.3651,0.56869,0.4669,0.4547,0.07037,15.03449,-4.41657,Y2c-003,12,0.4
135.44157,0.36261,0.28896,0.32578,0.00221,0.00116,0.58005,0.01379,0.24766,0.2727,0.26018,0.29842,0.34575,0.59286,0.4693,0.46953,0.78068,15.32088,-4.71466,Y2c-003,13,0.43333
134.41654,0.3558,0.29188,0.32384,0.00868,0.00455,0.58164,0.01761,0.25798,0.27095,0.26447,0.30313,0.35054,0.58062,0.46558,0.45235,1.06418,17.6506,-5.01844,Y2c-003,14,0.46667
134.31818,0.33654,0.29757,0.31705,0.0051,0.00264,0.57319,0.01712,0.26201,0.27156,0.26679,0.30585,0.36191,0.58894,0.47542,0.44697,1.48051,17.46727,-4.8388,Y2c-003,15,0.5
135.09398,0.36113,0.30537,0.33325,0.00333,0.00172,0.57282,0.02431,0.25623,0.26302,0.25963,0.30858,0.35584,0.60289,0.47937,0.46109,1.7362,16.94525,-4.56832,Y2c-003,16,0.53333
135.1784,0.36215,0.29605,0.3291,0.00067,0.00035,0.56989,0.02365,0.25674,0.27045,0.26359,0.30699,0.34793,0.58965,0.46879,0.46695,1.85288,17.24617,-3.89104,Y2c-003,17,0.56667
135.09122,0.35195,0.30274,0.32735,0.00451,0.00232,0.57115,0.02291,0.25279,0.26508,0.25894,0.30896,0.35166,0.5892,0.47043,0.46514,1.43744,16.65754,-3.67768,Y2c-003,18,0.6
135.91173,0.345,0.29656,0.32078,0.10252,0.05324,0.57518,0.02534,0.24832,0.26168,0.255,0.31506,0.36081,0.59336,0.47709,0.46258,2.02726,17.4842,-3.00686,Y2c-003,19,0.63333
135.02818,0.34243,0.30462,0.32353,0.18053,0.09374,0.57875,0.02125,0.24996,0.26184,0.2559,0.31623,0.37023,0.59108,0.48066,0.45207,2.10718,17.88936,-2.96001,Y2c-003,20,0.66667
135.05291,0.34118,0.29184,0.31651,0.25549,0.13358,0.58247,0.03032,0.2484,0.26472,0.25656,0.31331,0.3661,0.58301,0.47456,0.44888,1.70373,17.25863,-3.51584,Y2c-003,21,0.7
135.34232,0.32372,0.30468,0.3142,0.32084,0.16897,0.58574,0.0319,0.24804,0.25761,0.25282,0.31576,0.37522,0.58204,0.47863,0.44301,1.43165,16.58325,-3.74423,Y2c-003,22,0.73333
136.05926,0.347,0.29327,0.32013,0.3004,0.15965,0.58848,0.03317,0.23852,0.25892,0.24872,0.31834,0.36633,0.58845,0.47739,0.44161,1.25019,16.76734,-3.92328,Y2c-003,23,0.76667
136.39341,0.33041,0.30088,0.31564,0.29894,0.16317,0.60161,0.04131,0.22895,0.25087,0.23991,0.31671,0.3727,0.59385,0.48327,0.44584,2.17904,15.85661,-4.21878,Y2c-003,24,0.8
136.43177,0.3308,0.30054,0.31567,0.28906,0.15763,0.60091,0.03657,0.22785,0.24984,0.23885,0.31446,0.36539,0.59379,0.47959,0.44332,2.33918,15.98666,-4.67702,Y2c-003,25,0.83333
136.64668,0.33468,0.30847,0.32158,0.2757,0.15168,0.60568,0.03556,0.22608,0.24818,0.23713,0.3181,0.3738,0.59302,0.48341,0.42703,2.44585,15.5737,-5.28967,Y2c-003,26,0.86667
137.08707,0.3476,0.32045,0.33402,0.25499,0.14113,0.60795,0.03486,0.22396,0.23508,0.22952,0.32052,0.36972,0.58818,0.47895,0.43036,2.41985,13.81197,-5.81722,Y2c-003,27,0.9
136.36216,0.34394,0.33112,0.33753,0.27152,0.14893,0.60356,0.03825,0.22678,0.22957,0.22818,0.31627,0.3631,0.57703,0.47007,0.44096,3.71347,14.34109,-5.76405,Y2c-003,28,0.93333
137.68101,0.31862,0.33872,0.32867,0.26227,0.14491,0.60751,0.02933,0.2163,0.2238,0.22005,0.33023,0.36704,0.58198,0.47451,0.42558,3.42378,14.04441,-5.55209,Y2c-003,29,0.96667
136.44216,0.3269,0.34475,0.33583,0.24064,0.13615,0.6222,0.02889,0.2129,0.21855,0.21573,0.32242,0.37191,0.57741,0.47466,0.43254,3.68059,13.14476,-5.34298,Y2c-003,30,1.0
137.85073,0.31516,0.3425,0.32883,0.23965,0.13414,0.61583,0.02368,0.21179,0.21302,0.2124,0.32523,0.37435,0.57007,0.47221,0.41634,3.8226,12.43497,-5.16644,Y2c-003,31,1.03333
137.69519,0.31369,0.32565,0.31967,0.23052,0.13236,0.63043,0.02624,0.20861,0.21681,0.21271,0.32887,0.38684,0.55868,0.47276,0.39974,4.46434,12.52337,-4.78783,Y2c-003,32,1.06667
137.82419,0.30944,0.33469,0.32206,0.23339,0.13555,0.63731,0.0311,0.20865,0.21084,0.20975,0.32042,0.38366,0.55951,0.47158,0.39374,4.67728,11.37037,-4.85942,Y2c-003,33,1.1
138.04354,0.30505,0.32555,0.3153,0.22132,0.13267,0.65545,0.0406,0.20818,0.21052,0.20935,0.32542,0.38714,0.56019,0.47367,0.38334,5.2348,9.67541,-4.78976,Y2c-003,34,1.13333
138.36085,0.29288,0.31087,0.30188,0.23493,0.14414,0.66626,0.04834,0.20826,0.20898,0.20862,0.32438,0.39075,0.56534,0.47804,0.3896,5.92821,8.01688,-5.02565,Y2c-003,35,1.16667
138.76699,0.29926,0.3002,0.29973,0.24279,0.15373,0.68692,0.05451,0.19975,0.20812,0.20394,0.32278,0.37866,0.57125,0.47495,0.40827,6.18009,6.03864,-5.14058,Y2c-003,36,1.2
138.51507,0.3105,0.30623,0.30837,0.24039,0.15684,0.70604,0.06219,0.19113,0.20452,0.19782,0.31635,0.37339,0.5872,0.4803,0.40804,7.13081,4.56083,-5.50648,Y2c-003,37,1.23333
137.64433,0.3063,0.29619,0.30124,0.24793,0.16225,0.7087,0.06194,0.18926,0.20683,0.19804,0.31441,0.3622,0.58397,0.47309,0.41278,6.1459,3.45146,-6.37427,Y2c-003,38,1.26667
137.51613,0.28579,0.28901,0.2874,0.25363,0.16813,0.71729,0.06618,0.19273,0.20804,0.20038,0.3135,0.3696,0.58274,0.47617,0.38342,6.55939,4.98401,-7.32028,Y2c-003,39,1.3
137.57191,0.29268,0.28242,0.28755,0.23947,0.1609,0.72651,0.06645,0.19307,0.21011,0.20159,0.30851,0.37208,0.60078,0.48643,0.37194,5.70585,5.39305,-8.23467,Y2c-003,40,1.33333
137.28421,0.31906,0.27828,0.29867,0.24734,0.16843,0.7356,0.0719,0.19026,0.21094,0.2006,0.30764,0.37434,0.58024,0.47729,0.36981,6.44455,5.22224,-9.61078,Y2c-003,41,1.36667
181.08915,0.23687,0.25562,0.24624,0.31672,0.1556,0.54963,-0.0183,0.2322,0.22323,0.22771,0.35456,0.39298,0.49938,0.44618,0.33499,-5.93614,0.34757,-10.06586,Y2c-004,0,0.0
180.92193,0.24034,0.24131,0.24082,0.30423,0.15065,0.55631,-0.01999,0.23945,0.22692,0.23319,0.3555,0.40005,0.47937,0.43971,0.3249,-4.79015,0.58924,-10.89813,Y2c-004,1,0.03333
182.3928,0.22699,0.23457,0.23078,0.31709,0.15781,0.55679,-0.01636,0.24013,0.22055,0.23034,0.35532,0.39539,0.49375,0.44457,0.34083,-4.81075,-0.30142,-10.93751,Y2c-004,2,0.06667
181.35115,0.22246,0.23925,0.23086,0.29272,0.14507,0.55527,-0.0216,0.23966,0.22716,0.23341,0.35796,0.39784,0.48045,0.43915,0.32524,-4.49549,0.69141,-10.77161,Y2c-004,3,0.1
181.52435,0.22646,0.2361,0.23128,0.31003,0.15599,0.56242,-0.01725,0.23742,0.22427,0.23085,0.35456,0.39632,0.48353,0.43993,0.31934,-4.06979,1.26489,-10.95924,Y2c-004,4,0.13333
183.70445,0.22628,0.23323,0.22976,0.30624,0.14915,0.54606,-0.01816,0.23625,0.22624,0.23124,0.35663,0.40607,0.46353,0.4348,0.31001,-3.8589,0.68776,-10.96737,Y2c-004,5,0.16667
184.19284,0.20364,0.23443,0.21903,0.34527,0.17473,0.56469,-0.00746,0.24568,0.22243,0.23406,0.35084,0.44113,0.42644,0.43378,0.26079,-4.10833,0.40594,-10.85364,Y2c-004,6,0.2
182.6066,0.22007,0.2546,0.23734,0.31926,0.15754,0.55163,-0.01708,0.24568,0.2204,0.23304,0.34494,0.47841,0.39608,0.43724,0.25852,-5.61465,0.2396,-10.51027,Y2c-004,7,0.23333
182.84452,0.21607,0.25384,0.23496,0.17307,0.08003,0.51697,-0.02736,0.24667,0.22481,0.23574,0.35018,0.48436,0.36827,0.42631,0.28108,-4.03092,-5.69893,-9.43393,Y2c-004,8,0.26667
181.89012,0.20178,0.22868,0.21523,0.01912,0.00924,0.53758,-0.0389,0.25499,0.23281,0.2439,0.35754,0.46647,0.4008,0.43364,0.32788,-4.52127,-4.29959,-8.5416,Y2c-004,9,0.3
183.57033,0.19112,0.22699,0.20905,0.00424,0.002,0.52615,-0.03309,0.25225,0.2312,0.24173,0.35665,0.49479,0.39584,0.44531,0.36373,-3.34768,-5.10306,-8.09984,Y2c-004,10,0.33333
182.46492,0.20575,0.23115,0.21845,0.07666,0.03548,0.51841,-0.01881,0.25545,0.22847,0.24196,0.34349,0.50681,0.36477,0.43579,0.3382,-5.02139,-6.81143,-7.18005,Y2c-004,11,0.36667
181.48238,0.22269,0.26293,0.24281,0.20554,0.09064,0.50071,-0.01838,0.25492,0.22629,0.24061,0.34603,0.51861,0.38024,0.44942,0.42997,-1.76253,-8.95437,-6.63601,Y2c-004,12,0.4
181.42216,0.21389,0.23057,0.22223,0.05327,0.02401,0.50695,-0.00825,0.26296,0.24018,0.25157,0.3464,0.52082,0.37348,0.44715,0.39484,79.70533,-0.29104,-4.38482,Y2c-004,13,0.43333
183.68163,0.21283,0.23799,0.22541,0.00379,0.0017,0.49879,-0.02544,0.25912,0.22378,0.24145,0.34341,0.49708,0.41346,0.45527,0.38319,-4.88876,-12.59112,-4.72959,Y2c-004,14,0.46667
180.29362,0.20923,0.19233,0.20078,0.00625,0.00291,0.51637,-0.02175,0.26442,0.2464,0.25541,0.34357,0.47359,0.41879,0.44619,0.42836,-5.45044,-15.91826,-4.22925,Y2c-004,15,0.5
177.3721,0.19571,0.24234,0.21903,0.00967,0.00439,0.5097,-0.02053,0.26922,0.24315,0.25619,0.33177,0.50124,0.3309,0.41607,0.44465,-5.33948,-19.71849,-4.42034,Y2c-004,16,0.53333
177.59339,0.21145,0.24259,0.22702,0.19939,0.07949,0.45822,-0.01159,0.27146,0.24346,0.25746,0.33574,0.53754,0.38005,0.45879,0.47318,-1.82284,-23.70232,-5.00612,Y2c-004,17,0.56667
177.20032,0.20929,0.23695,0.22312,0.27067,0.11577,0.48903,-0.00812,0.26675,0.24424,0.2555,0.32652,0.50376,0.37214,0.43795,0.38901,-2.43279,-24.97681,-3.7764,Y2c-004,18,0.6
179.33731,0.19543,0.23873,0.21708,0.27541,0.11963,0.49614,-0.01082,0.27001,0.23357,0.25179,0.33462,0.49967,0.385,0.44234,0.33897,-3.26448,-24.46916,-3.29134,Y2c-004,19,0.63333
178.95039,0.19608,0.22945,0.21276,0.16401,0.06489,0.4542,-0.01166,0.26732,0.23716,0.25224,0.33787,0.50886,0.35702,0.43294,0.35728,-4.65026,-25.70928,-2.50787,Y2c-004,20,0.66667
178.59904,0.18535,0.22279,0.20407,0.14022,0.06201,0.50015,-0.01449,0.27462,0.23598,0.2553,0.34664,0.52444,0.38642,0.45543,0.39355,-4.37016,-25.35698,-2.53796,Y2c-004,21,0.7
180.14089,0.19179,0.2205,0.20615,0.17207,0.07563,0.50117,-0.01327,0.26327,0.2377,0.25048,0.33871,0.53027,0.38874,0.4595,0.41441,-3.58656,-25.11773,-2.65299,Y2c-004,22,0.73333
181.13901,0.18435,0.20333,0.19384,0.18837,0.08676,0.52086,-0.00916,0.2698,0.24094,0.25537,0.34352,0.55205,0.38299,0.46752,0.41106,-3.99486,-23.74377,-2.92648,Y2c-004,23,0.76667
182.79401,0.17765,0.20796,0.19281,0.2041,0.09623,0.53117,-0.00558,0.26269,0.23065,0.24667,0.33821,0.52379,0.38887,0.45633,0.39855,-4.13384,-23.05195,-2.58791,Y2c-004,24,0.8
183.21065,0.1723,0.20154,0.18692,0.20022,0.09571,0.53801,-0.00151,0.26102,0.22943,0.24522,0.32905,0.51029,0.37674,0.44351,0.43319,-4.52826,-22.35803,-2.1088,Y2c-004,25,0.83333
185.56896,0.1659,0.21961,0.19275,0.18498,0.08783,0.53275,0.0025,0.25948,0.22304,0.24126,0.33078,0.50471,0.38337,0.44404,0.43506,-4.11708,-23.50557,-1.66761,Y2c-004,26,0.86667
184.90298,0.18469,0.21166,0.19817,0.21812,0.10586,0.54639,0.00074,0.25071,0.23144,0.24107,0.33558,0.50951,0.38788,0.44869,0.39085,-3.71659,-24.15674,-0.87666,Y2c-004,27,0.9
183.73598,0.18919,0.1958,0.19249,0.23518,0.11708,0.56097,-0.00857,0.26039,0.23199,0.24619,0.34127,0.53175,0.38999,0.46087,0.40152,-3.21453,-23.59582,-0.90398,Y2c-004,28,0.93333
185.44952,0.19865,0.18176,0.1902,0.21552,0.10703,0.5573,0.00456,0.2562,0.23169,0.24395,0.33279,0.54366,0.39637,0.47002,0.32134,-3.76288,-24.53245,-0.99248,Y2c-004,29,0.96667
186.91355,0.19681,0.21308,0.20495,0.24006,0.11981,0.56092,0.00837,0.25457,0.22784,0.2412,0.33583,0.52734,0.4053,0.46632,0.35241,-2.22091,-22.79579,-1.59124,Y2c-004,30,1.0
184.60248,0.18815,0.21172,0.19994,0.26404,0.13173,0.56264,0.00409,0.26364,0.22722,0.24543,0.33871,0.52177,0.385,0.45338,0.33587,-0.97467,-23.83118,-2.69117,Y2c-004,31,1.03333
178.39872,0.26496,0.25072,0.25784,0.30563,0.16736,0.60051,0.05102,0.2441,0.26452,0.25431,0.32119,0.44572,0.49264,0.46918,0.39199,4.90656,-8.02519,-0.84887,Y2c-005,0,0.0
176.71205,0.26571,0.26816,0.26693,0.31513,0.17557,0.61416,0.04409,0.25123,0.26788,0.25956,0.32174,0.42689,0.46744,0.44716,0.38139,1.85107,-7.63626,-0.41616,Y2c-005,1,0.03333
177.2343,0.27321,0.25756,0.26538,0.31889,0.1771,0.61484,0.04595,0.25045,0.27069,0.26057,0.31897,0.43162,0.48215,0.45688,0.39383,2.42793,-9.53509,-0.36777,Y2c-005,2,0.06667
176.52079,0.26784,0.26374,0.26579,0.31336,0.17365,0.61393,0.0364,0.25506,0.26896,0.26201,0.31389,0.43478,0.48154,0.45816,0.38726,1.70922,-10.32505,-0.18664,Y2c-005,3,0.1
175.62505,0.26966,0.26341,0.26653,0.31103,0.17341,0.61747,0.03172,0.25995,0.27238,0.26616,0.31156,0.43279,0.48277,0.45778,0.39982,0.13445,-10.4395,0.0699,Y2c-005,4,0.13333
176.54872,0.26475,0.24853,0.25664,0.3018,0.17096,0.62409,0.03645,0.25723,0.26815,0.26269,0.31429,0.42682,0.49607,0.46144,0.40895,-0.53737,-9.55437,-0.07682,Y2c-005,5,0.16667
176.66686,0.26893,0.25529,0.26211,0.30558,0.17155,0.61936,0.03955,0.25314,0.26849,0.26081,0.31065,0.42934,0.48816,0.45875,0.42489,-1.07223,-9.56092,-0.26085,Y2c-005,6,0.2
176.50005,0.26714,0.25475,0.26094,0.28559,0.16044,0.61797,0.03701,0.25267,0.2715,0.26209,0.31164,0.43461,0.48416,0.45939,0.42964,-1.32666,-10.69938,-0.73511,Y2c-005,7,0.23333
176.11442,0.26369,0.24703,0.25536,0.27985,0.15736,0.61814,0.03001,0.25513,0.27165,0.26339,0.31474,0.42921,0.47794,0.45358,0.44018,-0.91638,-9.89939,-0.82989,Y2c-005,8,0.26667
177.55456,0.25692,0.26354,0.26023,0.26727,0.1518,0.62248,0.02644,0.25355,0.26556,0.25955,0.3129,0.43143,0.49199,0.46171,0.43174,-2.00747,-8.96708,-0.96627,Y2c-005,9,0.3
176.26242,0.2598,0.25837,0.25908,0.27948,0.15551,0.61187,0.02563,0.2533,0.26751,0.26041,0.31201,0.42902,0.49004,0.45953,0.418,-1.72085,-8.61649,-1.11203,Y2c-005,10,0.33333
175.702,0.25994,0.24334,0.25164,0.27974,0.15268,0.60177,0.02126,0.25477,0.27043,0.2626,0.31584,0.42899,0.47101,0.45,0.45534,-1.95994,-10.44738,-1.35737,Y2c-005,11,0.36667
172.15046,0.19867,0.21201,0.20534,0.26181,0.14199,0.60289,0.01791,0.2867,0.29341,0.29005,0.32356,0.42152,0.47039,0.44596,0.38577,-1.09664,-10.77282,-1.4482,Y2c-005,12,0.4
177.27408,0.06797,0.02964,0.0488,0.24731,0.12039,0.54839,0.00855,0.32745,0.34064,0.33404,0.30833,0.45407,0.55616,0.50512,0.03859,-4.23584,-9.88548,-1.32227,Y2c-005,13,0.43333
179.29717,0.06379,0.01598,0.03989,0.21251,0.10213,0.54252,-0.0035,0.3253,0.34149,0.3334,0.31106,0.45552,0.54574,0.50063,-0.66152,-4.40603,-9.59442,-1.77641,Y2c-005,14,0.46667
174.05365,0.12806,0.16149,0.14477,0.18466,0.09008,0.54849,-0.02082,0.30317,0.32064,0.31191,0.31456,0.41638,0.48576,0.45107,0.29654,-4.78377,-14.8148,-1.91212,Y2c-005,15,0.5
172.38299,0.15489,0.20722,0.18106,0.16306,0.08452,0.57921,-0.03002,0.29654,0.30208,0.29931,0.3167,0.41622,0.46097,0.43859,0.34766,-5.63734,-16.56121,-1.97973,Y2c-005,16,0.53333
174.23974,0.17601,0.20339,0.1897,0.16848,0.08542,0.56691,-0.03322,0.28694,0.29786,0.2924,0.31337,0.41502,0.46726,0.44114,0.35796,-6.28589,-14.81292,-1.56783,Y2c-005,17,0.56667
174.85646,0.17997,0.21534,0.19765,0.1769,0.08948,0.56725,-0.03021,0.28563,0.29444,0.29003,0.3151,0.42096,0.46837,0.44467,0.36328,-7.02365,-13.77319,-1.28928,Y2c-005,18,0.6
175.203,0.19354,0.22045,0.207,0.19529,0.0994,0.56951,-0.03139,0.27837,0.2887,0.28354,0.31473,0.42991,0.46936,0.44963,0.40344,-8.22068,-14.6596,-0.64121,Y2c-005,19,0.63333
176.32358,0.20946,0.23007,0.21977,0.18909,0.09561,0.56545,-0.02425,0.2724,0.28599,0.2792,0.31382,0.43048,0.48021,0.45534,0.42982,-8.11506,-13.28192,0.50974,Y2c-005,20,0.66667
175.792,0.2231,0.24523,0.23417,0.17924,0.09171,0.5701,-0.02423,0.27377,0.28393,0.27885,0.31676,0.42953,0.47431,0.45192,0.42085,-7.83329,-14.13852,0.99097,Y2c-005,21,0.7
177.83527,0.22065,0.24811,0.23438,0.19613,0.09947,0.56602,-0.02167,0.27284,0.2788,0.27582,0.31777,0.43285,0.48881,0.46083,0.45236,-7.83375,-13.54131,1.51559,Y2c-005,22,0.73333
177.48952,0.21972,0.23676,0.22824,0.20858,0.10809,0.57785,-0.01702,0.26934,0.27574,0.27254,0.31985,0.42421,0.48492,0.45456,0.445,-7.10749,-12.61189,1.95933,Y2c-005,23,0.76667
164.84154,0.23509,0.21046,0.22278,0.02486,0.01291,0.56829,0.04691,0.23278,0.23756,0.23517,0.33565,0.44902,0.5442,0.49661,0.44692,7.89554,-16.35408,0.25597,Y2c-006,0,0.0
166.64835,0.22869,0.20097,0.21483,0.03849,0.02026,0.57709,0.06063,0.23673,0.23341,0.23507,0.33247,0.45573,0.50856,0.48215,0.44783,8.79737,-14.65947,0.25738,Y2c-006,1,0.03333
165.7749,0.23977,0.21794,0.22885,0.10469,0.05617,0.59105,0.08498,0.23513,0.23502,0.23508,0.3304,0.47626,0.50522,0.49074,0.42803,9.55892,-14.14557,0.10092,Y2c-006,2,0.06667
166.86822,0.23095,0.19883,0.21489,0.18407,0.0959,0.57533,0.0927,0.23874,0.23888,0.23881,0.32748,0.46947,0.49717,0.48332,0.43089,9.33815,-12.76493,0.36019,Y2c-006,3,0.1
167.41564,0.22579,0.20243,0.21411,0.22089,0.11549,0.57783,0.08918,0.23789,0.23364,0.23576,0.32112,0.46702,0.50613,0.48657,0.41113,9.73449,-11.38117,0.56639,Y2c-006,4,0.13333
168.74927,0.22161,0.19484,0.20822,0.22769,0.12045,0.58569,0.0925,0.23431,0.2347,0.23451,0.32316,0.46262,0.50612,0.48437,0.42068,11.23668,-9.64339,0.76855,Y2c-006,5,0.16667
169.96823,0.21898,0.18899,0.20399,0.20111,0.106,0.58295,0.0855,0.23937,0.23142,0.2354,0.32552,0.49462,0.47343,0.48403,0.41732,10.65986,-8.10039,0.49134,Y2c-006,6,0.2
170.55897,0.21562,0.18751,0.20157,0.21408,0.11557,0.59777,0.07973,0.23904,0.22912,0.23408,0.32384,0.51577,0.47117,0.49347,0.42688,10.85769,-6.43382,0.87428,Y2c-006,7,0.23333
169.82176,0.21164,0.18642,0.19903,0.21712,0.11826,0.60536,0.07064,0.23969,0.22916,0.23443,0.32617,0.52396,0.45871,0.49133,0.41149,10.62675,-3.25502,0.80611,Y2c-006,8,0.26667
169.96821,0.2072,0.18607,0.19663,0.20954,0.11335,0.60246,0.06916,0.24001,0.22695,0.23348,0.32939,0.5311,0.46627,0.49869,0.43612,11.17614,-0.32222,1.06888,Y2c-006,9,0.3
168.76944,0.20995,0.18084,0.19539,0.19551,0.10968,0.62415,0.07571,0.24262,0.22732,0.23497,0.3266,0.52621,0.46251,0.49436,0.4216,12.74811,3.03606,1.03924,Y2c-006,10,0.33333
168.62818,0.2268,0.18834,0.20757,0.21367,0.12129,0.63127,0.07379,0.23985,0.22785,0.23385,0.32786,0.51388,0.45592,0.4849,0.43734,13.59987,4.77394,1.01874,Y2c-006,11,0.36667
169.70213,0.23409,0.1783,0.20619,0.21885,0.12295,0.62474,0.06512,0.24083,0.22729,0.23406,0.33591,0.5181,0.46481,0.49145,0.44582,12.59001,5.16586,0.09268,Y2c-006,12,0.4
169.01465,0.23902,0.17958,0.2093,0.23524,0.13372,0.62983,0.071,0.2322,0.23124,0.23172,0.33295,0.51188,0.46896,0.49042,0.40224,14.04619,8.11636,0.12049,Y2c-006,13,0.43333
169.19115,0.23686,0.17312,0.20499,0.24506,0.14029,0.63297,0.06671,0.23606,0.23253,0.23429,0.33413,0.52701,0.47484,0.50092,0.42117,13.98516,7.48619,-0.45757,Y2c-006,14,0.46667
168.31181,0.23666,0.17405,0.20535,0.25754,0.15021,0.64362,0.06821,0.23626,0.23067,0.23346,0.33534,0.5229,0.47996,0.50143,0.40889,14.77597,10.30717,-0.24364,Y2c-006,15,0.5
167.99525,0.24424,0.1821,0.21317,0.2525,0.14761,0.64472,0.06804,0.23811,0.22944,0.23378,0.33663,0.5522,0.46809,0.51015,0.41209,14.1727,11.4772,-0.31701,Y2c-006,16,0.53333
166.68483,0.23971,0.17956,0.20963,0.25838,0.15432,0.65814,0.0709,0.2406,0.23027,0.23544,0.33685,0.54793,0.46467,0.5063,0.40063,13.44755,12.75094,-0.18201,Y2c-006,17,0.56667
166.38497,0.23877,0.19383,0.2163,0.26181,0.15777,0.66341,0.07642,0.23971,0.22419,0.23195,0.33645,0.55629,0.45757,0.50693,0.42078,13.24403,13.51765,0.12441,Y2c-006,18,0.6
164.68314,0.24308,0.20471,0.22389,0.25259,0.15824,0.68792,0.07739,0.2369,0.22225,0.22958,0.33681,0.55277,0.4497,0.50124,0.41777,13.1665,13.53395,0.19363,Y2c-006,19,0.63333
165.24087,0.24686,0.197,0.22193,0.26541,0.16575,0.68588,0.07948,0.23613,0.22233,0.22923,0.33938,0.53837,0.46624,0.5023,0.39892,12.66377,13.57397,0.34914,Y2c-006,20,0.66667
164.61689,0.24908,0.2003,0.22469,0.26922,0.17231,0.70247,0.07969,0.23192,0.22082,0.22637,0.33945,0.52682,0.46743,0.49712,0.41034,12.87791,14.06831,0.31083,Y2c-006,21,0.7
164.06153,0.24348,0.20247,0.22298,0.27401,0.1748,0.70008,0.08096,0.23467,0.22264,0.22865,0.34233,0.52072,0.47622,0.49847,0.41564,12.61156,14.94805,0.15509,Y2c-006,22,0.73333
163.59196,0.25237,0.19347,0.22292,0.2847,0.1822,0.70264,0.07796,0.2342,0.22143,0.22782,0.33894,0.51268,0.47504,0.49386,0.41186,11.84007,15.39397,-0.0508,Y2c-006,23,0.76667
163.67685,0.24882,0.19533,0.22208,0.28433,0.18174,0.70133,0.08116,0.23554,0.21988,0.22771,0.33987,0.5148,0.47068,0.49274,0.42625,11.78373,15.15263,-0.27744,Y2c-006,24,0.8
163.64009,0.25126,0.19313,0.2222,0.29654,0.19204,0.71053,0.08452,0.23532,0.22265,0.22898,0.34354,0.51921,0.4673,0.49326,0.41302,11.60483,15.00186,-0.34371,Y2c-006,25,0.83333
182.99897,0.26933,0.40398,0.33666,0.16951,0.08856,0.58071,0.01661,0.28934,0.258,0.27367,0.35064,0.63557,0.2416,0.43858,0.40232,7.41304,-28.46656,-2.35571,Y2c-007,0,0.0
181.3298,0.27886,0.41761,0.34824,0.19756,0.10474,0.58651,0.02726,0.2912,0.2716,0.2814,0.34283,0.61599,0.24478,0.43039,0.38737,9.00826,-28.68887,-2.60449,Y2c-007,1,0.03333
184.08218,0.30278,0.36604,0.33441,0.22076,0.11052,0.55642,0.02547,0.27505,0.26821,0.27163,0.35102,0.67014,0.25304,0.46159,0.36929,9.0347,-29.15942,-2.79805,Y2c-007,2,0.06667
185.31363,0.27218,0.394,0.33309,0.22059,0.11339,0.56821,0.03135,0.28452,0.25935,0.27193,0.34141,0.63164,0.24767,0.43966,0.38452,8.7912,-28.31253,-2.76559,Y2c-007,3,0.1
184.04862,0.28848,0.38963,0.33906,0.23107,0.12236,0.58666,0.03293,0.28625,0.27826,0.28225,0.35465,0.64197,0.23387,0.43792,0.36248,8.79268,-28.59394,-2.4379,Y2c-007,4,0.13333
186.76217,0.26508,0.36068,0.31288,0.32457,0.17191,0.58622,0.03003,0.28477,0.26062,0.27269,0.345,0.6303,0.26378,0.44704,0.38208,8.88168,-29.01075,-2.01933,Y2c-007,5,0.16667
186.37829,0.30789,0.38326,0.34557,0.32587,0.1683,0.57552,0.02158,0.28062,0.26599,0.27331,0.34881,0.62968,0.27674,0.45321,0.38665,7.30323,-30.03649,-1.14201,Y2c-007,6,0.2
188.12686,0.27489,0.37117,0.32303,0.21325,0.10119,0.53106,0.02692,0.28247,0.26529,0.27388,0.3488,0.6215,0.28876,0.45513,0.40907,7.54211,-31.0553,-1.43487,Y2c-007,7,0.23333
187.89866,0.26354,0.39936,0.33145,0.08173,0.03927,0.53757,0.00173,0.29271,0.25186,0.27228,0.34864,0.58661,0.30868,0.44765,0.43574,6.78357,-30.72467,-1.94797,Y2c-007,8,0.26667
185.49968,0.28656,0.38988,0.33822,0.00567,0.00281,0.54808,-0.0119,0.29218,0.27066,0.28142,0.35576,0.59496,0.27365,0.4343,0.38715,7.68596,-30.79438,-2.57095,Y2c-007,9,0.3
185.89725,0.28717,0.38877,0.33797,0.00336,0.00164,0.53994,-0.00655,0.29001,0.26528,0.27765,0.34949,0.5881,0.26546,0.42678,0.38988,7.78315,-30.17515,-2.92651,Y2c-007,10,0.33333
185.27366,0.30123,0.40777,0.3545,0.00779,0.00377,0.53612,-0.00511,0.29416,0.27779,0.28598,0.36645,0.57544,0.24889,0.41217,0.36566,7.56821,-30.95056,-3.23212,Y2c-007,11,0.36667
185.76937,0.2929,0.39268,0.34279,0.03818,0.01806,0.52963,0.00248,0.29315,0.27103,0.28209,0.34772,0.59075,0.26556,0.42815,0.3768,7.63724,-30.84553,-3.11268,Y2c-007,12,0.4
185.95665,0.28888,0.39311,0.341,0.12223,0.06028,0.55065,0.00808,0.28922,0.26935,0.27928,0.34787,0.5907,0.27442,0.43256,0.36049,7.87753,-30.28847,-2.86356,Y2c-007,13,0.43333
186.19701,0.28687,0.38271,0.33479,0.29737,0.13829,0.52239,0.01684,0.28732,0.27738,0.28235,0.36499,0.61703,0.25835,0.43769,0.34707,7.31656,-31.22865,-2.45348,Y2c-007,14,0.46667
187.49307,0.27796,0.3756,0.32678,0.29451,0.14679,0.5554,0.01662,0.28939,0.26293,0.27616,0.35997,0.6024,0.28197,0.44218,0.32763,8.01657,-29.15478,-2.80438,Y2c-007,15,0.5
186.81887,0.27829,0.37487,0.32658,0.26123,0.13575,0.58047,0.01824,0.28425,0.27649,0.28037,0.36093,0.60916,0.25566,0.43241,0.30765,7.57231,-27.98017,-2.60173,Y2c-007,16,0.53333
189.62361,0.27389,0.37005,0.32197,0.24744,0.13074,0.58898,0.02498,0.27373,0.26319,0.26846,0.35113,0.62454,0.27466,0.4496,0.34904,8.49877,-26.5933,-3.05059,Y2c-007,17,0.56667
189.08779,0.2711,0.36974,0.32042,0.24723,0.13589,0.60901,0.03999,0.27839,0.26281,0.2706,0.35082,0.62876,0.27462,0.45169,0.35137,9.53544,-25.67462,-3.67513,Y2c-007,18,0.6
189.97198,0.24962,0.37919,0.3144,0.26151,0.14322,0.60385,0.04943,0.27676,0.26421,0.27048,0.35668,0.62804,0.25037,0.43921,0.37297,8.81665,-25.43534,-3.62179,Y2c-007,19,0.63333
190.29897,0.25566,0.37966,0.31766,0.25125,0.13715,0.60188,0.04904,0.27492,0.26022,0.26757,0.35258,0.62633,0.24975,0.43804,0.36969,9.03929,-24.77971,-3.76062,Y2c-007,20,0.66667
190.63639,0.24206,0.37251,0.30729,0.25707,0.14196,0.60646,0.05846,0.27849,0.25876,0.26863,0.35458,0.6326,0.24933,0.44096,0.37977,9.42372,-24.41143,-3.99645,Y2c-007,21,0.7
188.86071,0.26033,0.37365,0.31699,0.24236,0.13757,0.62268,0.05742,0.27526,0.26444,0.26985,0.36066,0.6178,0.24513,0.43147,0.39127,9.11275,-24.6801,-3.8463,Y2c-007,22,0.73333
189.04691,0.25958,0.38504,0.32231,0.24008,0.13548,0.61856,0.05446,0.27712,0.26152,0.26932,0.35026,0.6342,0.25297,0.44359,0.40025,9.30212,-24.65851,-3.7754,Y2c-007,23,0.76667
188.67999,0.26825,0.332,0.30012,0.24873,0.14377,0.63381,0.06334,0.29119,0.27925,0.28522,0.35786,0.52792,0.301,0.41446,0.37989,9.54621,-23.86758,-3.18241,Y2c-007,24,0.8
191.83501,0.18256,0.18888,0.18572,0.23807,0.13929,0.64384,0.04873,0.31175,0.30522,0.30848,0.382,0.46546,0.40074,0.4331,0.21169,6.58037,-20.45097,-2.30654,Y2c-007,25,0.83333
198.95507,0.092,0.07486,0.08343,0.22617,0.13138,0.63459,0.05325,0.32456,0.31675,0.32065,0.36833,0.44915,0.48968,0.46942,-0.1407,6.77223,-16.41669,-2.63353,Y2c-007,26,0.86667
197.74655,0.16963,0.21134,0.19049,0.20273,0.12193,0.65373,0.04946,0.28927,0.2927,0.29099,0.35572,0.35914,0.52409,0.44161,0.32334,5.8454,-8.70605,-1.80191,Y2c-007,27,0.9
200.39541,0.20574,0.22911,0.21743,0.21514,0.1267,0.64142,0.04201,0.2684,0.27943,0.27392,0.36259,0.36919,0.5153,0.44225,0.3957,6.47621,-0.54426,-1.26876,Y2c-007,28,0.93333
199.04872,0.24458,0.25601,0.25029,0.21618,0.12909,0.65217,0.03748,0.26988,0.27618,0.27303,0.35773,0.3881,0.50153,0.44481,0.3827,6.69697,1.93738,-1.13889,Y2c-007,29,0.96667
199.94631,0.2507,0.25091,0.2508,0.21832,0.12699,0.6361,0.03652,0.26569,0.28,0.27285,0.35777,0.39059,0.49779,0.44419,0.42232,6.82171,2.67999,-1.01262,Y2c-007,30,1.0
199.84868,0.26657,0.24578,0.25618,0.2043,0.1144,0.61244,0.02729,0.26387,0.28235,0.27311,0.36449,0.38929,0.49042,0.43986,0.40339,6.29769,6.22342,-0.87737,Y2c-007,31,1.03333
199.57544,0.25421,0.26149,0.25785,0.19993,0.10841,0.59614,0.02479,0.26831,0.27942,0.27387,0.36131,0.38172,0.49593,0.43883,0.39474,6.72053,9.54612,-0.74415,Y2c-007,32,1.06667
198.71538,0.2529,0.24243,0.24766,0.18975,0.10304,0.59811,0.02465,0.2684,0.27548,0.27194,0.35763,0.43635,0.4432,0.43978,0.36896,6.54577,11.32599,-0.5905,Y2c-007,33,1.1
170.30369,0.17873,0.24692,0.21283,0.3411,0.18302,0.60057,-0.00081,0.23368,0.21668,0.22518,0.34358,0.42117,0.49644,0.4588,0.45547,-7.1844,-21.14779,12.50335,Y4d-008,0,0.0
170.04687,0.19274,0.26599,0.22937,0.34389,0.17272,0.56114,0.00445,0.2364,0.21625,0.22633,0.3247,0.4265,0.50152,0.46401,0.49205,-5.47093,-24.78313,11.80761,Y4d-008,1,0.03333
170.2798,0.18731,0.24324,0.21527,0.36852,0.19148,0.58271,-0.00198,0.24416,0.22842,0.23629,0.32891,0.42869,0.49558,0.46213,0.44427,-5.37871,-24.43935,11.58509,Y4d-008,2,0.06667
172.00146,0.20339,0.24155,0.22247,0.37085,0.19639,0.59235,-0.00855,0.25305,0.22577,0.23941,0.34095,0.43082,0.49786,0.46434,0.47787,-6.38835,-22.6589,11.75351,Y4d-008,3,0.1
171.59686,0.22888,0.27343,0.25116,0.36126,0.20818,0.63692,0.00033,0.28698,0.23945,0.26321,0.34449,0.4376,0.50209,0.46985,0.51779,-5.9485,-19.12425,12.19089,Y4d-008,4,0.13333
175.90521,0.25997,0.2983,0.27913,0.37701,0.2254,0.66007,0.00747,0.30255,0.25925,0.2809,0.35034,0.43829,0.47671,0.4575,0.64714,-9.14983,-14.62157,13.01788,Y4d-008,5,0.16667
176.40074,0.24691,0.26997,0.25844,0.33557,0.21965,0.71968,0.00019,0.33352,0.28955,0.31153,0.33747,0.43165,0.47599,0.45382,0.61192,-11.23633,-10.04993,13.12033,Y4d-008,6,0.2
176.77033,0.23071,0.27629,0.2535,0.32285,0.21143,0.71983,-0.00364,0.33832,0.29572,0.31702,0.35816,0.46308,0.47215,0.46762,0.62473,-12.18514,-6.63942,12.76287,Y4d-008,7,0.23333
176.12589,0.26824,0.26752,0.26788,0.33519,0.20624,0.67966,-0.00327,0.31307,0.29103,0.30205,0.34959,0.45251,0.4638,0.45816,0.5654,-11.9204,-6.71737,11.82919,Y4d-008,8,0.26667
175.21003,0.27407,0.26553,0.2698,0.34388,0.19575,0.63333,-0.00735,0.28576,0.27997,0.28286,0.34376,0.45509,0.47746,0.46628,0.57713,-9.97239,-7.64888,10.59961,Y4d-008,9,0.3
173.95945,0.24052,0.26446,0.25249,0.26479,0.13649,0.57795,-0.01119,0.27086,0.25886,0.26486,0.3445,0.45055,0.49147,0.47101,0.48926,-8.04415,-10.51537,9.34814,Y4d-008,10,0.33333
172.88027,0.20174,0.26521,0.23347,0.17811,0.08655,0.5459,-0.00725,0.26251,0.2445,0.2535,0.34293,0.45944,0.48716,0.4733,0.49541,-6.26338,-12.84281,7.89804,Y4d-008,11,0.36667
171.89393,0.19647,0.26414,0.2303,0.16619,0.08318,0.56033,-0.00795,0.25432,0.24013,0.24722,0.34144,0.45938,0.48959,0.47448,0.49125,-5.99201,-13.21877,7.07934,Y4d-008,12,0.4
172.84734,0.19201,0.24893,0.22047,0.18633,0.089,0.53644,-0.00199,0.2484,0.23608,0.24224,0.33915,0.45818,0.49138,0.47478,0.48005,-5.16239,-14.00274,6.35482,Y4d-008,13,0.43333
171.02795,0.18937,0.24757,0.21847,0.19247,0.09018,0.52774,-0.00028,0.24541,0.23302,0.23922,0.34138,0.46187,0.47792,0.4699,0.45367,-4.64717,-14.55067,6.35251,Y4d-008,14,0.46667
170.95899,0.19072,0.22965,0.21019,0.25042,0.11627,0.52247,8e-05,0.23888,0.23762,0.23825,0.33524,0.44207,0.47646,0.45926,0.44746,-4.79696,-14.82164,6.52618,Y4d-008,15,0.5
169.70935,0.19104,0.22427,0.20766,0.25063,0.11831,0.52976,0.00697,0.23747,0.23662,0.23704,0.33523,0.44571,0.47526,0.46049,0.47246,-3.66947,-15.33143,6.5114,Y4d-008,16,0.53333
169.92342,0.1854,0.22521,0.2053,0.25801,0.12156,0.52985,0.00758,0.23589,0.23438,0.23514,0.33714,0.45294,0.48227,0.4676,0.48011,-4.14938,-14.81225,6.5775,Y4d-008,17,0.56667
168.98328,0.19293,0.22695,0.20994,0.25067,0.11879,0.53124,0.01325,0.2352,0.23354,0.23437,0.33937,0.45219,0.48409,0.46814,0.4634,-3.92366,-14.16862,6.63137,Y4d-008,18,0.6
167.77453,0.19168,0.23307,0.21238,0.2587,0.12286,0.53238,0.01437,0.23818,0.23002,0.2341,0.3399,0.45803,0.47682,0.46742,0.45519,-3.72708,-13.96551,6.79142,Y4d-008,19,0.63333
167.74926,0.19617,0.23228,0.21422,0.25877,0.12689,0.54689,0.01494,0.23673,0.22702,0.23188,0.34369,0.45942,0.47957,0.46949,0.46073,-3.715,-11.99469,6.96893,Y4d-008,20,0.66667
167.72321,0.19426,0.23988,0.21707,0.28447,0.13865,0.54469,0.01477,0.23249,0.22245,0.22747,0.34261,0.46597,0.46962,0.4678,0.46255,-3.52767,-12.10645,7.00966,Y4d-008,21,0.7
167.4859,0.19678,0.24399,0.22039,0.3064,0.14446,0.53061,0.00539,0.22875,0.21899,0.22387,0.34146,0.45561,0.47505,0.46533,0.46708,-3.6745,-11.79387,6.79876,Y4d-008,22,0.73333
167.05745,0.20499,0.24499,0.22499,0.29095,0.14,0.53892,0.00967,0.22547,0.21945,0.22246,0.34141,0.45733,0.47073,0.46403,0.46901,-3.27518,-11.38324,6.7098,Y4d-008,23,0.76667
140.35977,0.23292,0.23402,0.23347,0.10418,0.05719,0.6109,-0.02525,0.24649,0.23572,0.24111,0.36675,0.38956,0.59819,0.49387,0.46323,-8.02692,-2.56625,6.27153,Y4d-009,0,0.0
139.18964,0.20429,0.2498,0.22705,0.13118,0.07397,0.62735,-0.02496,0.26166,0.27092,0.26629,0.35935,0.40111,0.58046,0.49079,0.47824,-7.42284,-9.0178,6.38378,Y4d-009,1,0.03333
139.43748,0.18192,0.22702,0.20447,0.18702,0.10225,0.60823,-0.01873,0.27213,0.28604,0.27909,0.36157,0.38676,0.57769,0.48223,0.45311,-7.56118,-9.08203,7.28646,Y4d-009,2,0.06667
141.24427,0.14461,0.06777,0.10619,0.21349,0.11416,0.59998,-0.01718,0.30322,0.32147,0.31234,0.3533,0.49119,0.55997,0.52558,0.50988,-8.08576,-6.03086,6.6392,Y4d-009,3,0.1
141.46274,0.07981,0.07136,0.07559,0.24856,0.13604,0.60911,-0.01653,0.30817,0.31848,0.31333,0.3551,0.52199,0.5196,0.5208,0.47513,-7.69018,-7.91584,6.90508,Y4d-009,4,0.13333
141.15389,0.08246,0.10107,0.09177,0.30638,0.16659,0.60649,-0.01724,0.30031,0.30636,0.30334,0.36516,0.47637,0.47274,0.47455,0.3573,-6.87471,-10.00225,6.92744,Y4d-009,5,0.16667
139.6929,0.12191,0.14191,0.13191,0.30147,0.16753,0.62061,-0.02226,0.2896,0.29699,0.2933,0.36812,0.49672,0.44739,0.47206,0.40882,-7.11086,-11.52614,6.59189,Y4d-009,6,0.2
138.63186,0.14349,0.16841,0.15595,0.32479,0.18453,0.6313,-0.00909,0.29323,0.29307,0.29315,0.37207,0.50216,0.43474,0.46845,0.42708,-6.98171,-12.80084,6.57751,Y4d-009,7,0.23333
137.79326,0.17323,0.19523,0.18423,0.40317,0.23469,0.64937,0.00335,0.2825,0.28258,0.28254,0.36596,0.47764,0.44955,0.4636,0.42759,-6.9094,-13.70247,6.50673,Y4d-009,8,0.26667
138.49912,0.18239,0.21419,0.19829,0.45314,0.2556,0.63217,0.00016,0.28159,0.275,0.27829,0.36077,0.48301,0.46409,0.47355,0.43891,-7.09951,-12.38485,6.2548,Y4d-009,9,0.3
138.5975,0.17493,0.19822,0.18657,0.43837,0.25035,0.6409,0.0068,0.28392,0.27739,0.28065,0.3694,0.48302,0.46745,0.47524,0.40032,-7.04021,-10.6194,5.70134,Y4d-009,10,0.33333
139.20299,0.17822,0.21004,0.19413,0.38651,0.21568,0.62407,0.00163,0.28221,0.27878,0.2805,0.36038,0.48335,0.4655,0.47442,0.36632,-6.34939,-11.96926,5.58486,Y4d-009,11,0.36667
138.92778,0.19263,0.22154,0.20709,0.27297,0.15191,0.62449,-0.01268,0.28039,0.27792,0.27915,0.35433,0.48878,0.47143,0.4801,0.3951,-5.89855,-7.28389,5.16536,Y4d-009,12,0.4
139.14121,0.18294,0.22496,0.20395,0.00293,0.00162,0.6085,-0.01072,0.27346,0.27719,0.27533,0.35885,0.47255,0.46688,0.46971,0.43668,-3.83988,-10.1987,5.75408,Y4d-009,13,0.43333
139.44413,0.17219,0.21226,0.19223,0.00233,0.00129,0.60974,-0.02452,0.28009,0.28254,0.28132,0.3683,0.46526,0.47591,0.47058,0.44766,-4.48066,-7.67941,5.51547,Y4d-009,14,0.46667
139.33073,0.16911,0.22057,0.19484,0.00316,0.00179,0.62446,-0.01275,0.27961,0.2861,0.28286,0.37166,0.46781,0.46439,0.4661,0.4605,-5.53875,-8.51842,6.53736,Y4d-009,15,0.5
139.64907,0.1748,0.19829,0.18654,0.07431,0.04134,0.62022,-0.01049,0.28226,0.29214,0.2872,0.37379,0.48876,0.47698,0.48287,0.46059,-5.74574,-13.01912,8.19926,Y4d-009,16,0.53333
139.96251,0.1876,0.2109,0.19925,0.17279,0.09139,0.5866,0.01381,0.2811,0.28948,0.28529,0.3703,0.47477,0.47457,0.47467,0.51412,-4.01841,-11.82194,9.6765,Y4d-009,17,0.56667
140.06504,0.20296,0.20857,0.20576,0.19428,0.10476,0.59732,0.0198,0.27876,0.29338,0.28607,0.36798,0.4996,0.45986,0.47973,0.48415,-4.01223,-7.64674,10.94617,Y4d-009,18,0.6
139.49514,0.21363,0.21958,0.21661,0.16356,0.0915,0.61666,0.02137,0.2785,0.29062,0.28456,0.37638,0.48039,0.45871,0.46955,0.48884,-4.16278,-3.63447,11.88177,Y4d-009,19,0.63333
141.23937,0.20445,0.21105,0.20775,0.1431,0.07907,0.61004,0.01558,0.27868,0.28923,0.28396,0.37743,0.47685,0.46145,0.46915,0.58174,-4.10102,1.0356,12.22617,Y4d-009,20,0.66667
141.53312,0.19543,0.21118,0.20331,0.13872,0.07734,0.61551,0.00593,0.28528,0.28657,0.28593,0.37416,0.47876,0.45682,0.46779,0.5927,-4.15221,1.65729,12.18365,Y4d-009,21,0.7
140.92799,0.18983,0.20165,0.19574,0.10756,0.06019,0.61886,-0.0006,0.27979,0.28874,0.28427,0.36358,0.47364,0.43929,0.45647,0.56796,-4.03418,2.77565,11.86475,Y4d-009,22,0.73333
140.77797,0.21306,0.20326,0.20816,0.0896,0.0515,0.63578,-0.00426,0.2761,0.29339,0.28474,0.36732,0.50512,0.45734,0.48123,0.52871,-4.27552,3.27944,11.03152,Y4d-009,23,0.76667
140.29222,0.225,0.20403,0.21451,0.03726,0.02155,0.6398,-0.00562,0.27533,0.29274,0.28403,0.36864,0.49567,0.45165,0.47366,0.50276,-3.76185,2.92949,10.00449,Y4d-009,24,0.8
140.58216,0.2256,0.19786,0.21173,0.00068,0.0004,0.65184,-0.00838,0.27699,0.29332,0.28516,0.36233,0.49134,0.45026,0.4708,0.4973,-4.43592,3.41428,8.84245,Y4d-009,25,0.83333
140.09842,0.22853,0.1988,0.21367,0.00291,0.00171,0.64658,-0.01723,0.27403,0.29157,0.2828,0.36329,0.48611,0.46391,0.47501,0.5343,-4.7544,2.04826,7.71856,Y4d-009,26,0.86667
139.63436,0.22662,0.21732,0.22197,0.0014,0.00082,0.6435,-0.01504,0.27246,0.2894,0.28093,0.36154,0.47311,0.4681,0.47061,0.49776,-4.90325,0.90437,6.94182,Y4d-009,27,0.9
140.00859,0.22061,0.20257,0.21159,0.0008,0.00047,0.63655,-0.00499,0.2749,0.29249,0.2837,0.35757,0.47595,0.4667,0.47132,0.47077,-4.37731,-0.24842,6.39089,Y4d-009,28,0.93333
141.33101,0.21593,0.20335,0.20964,0.0009,0.00052,0.62751,-0.00655,0.2713,0.28404,0.27767,0.35606,0.4844,0.46137,0.47289,0.50856,-4.31773,-0.82705,5.83252,Y4d-009,29,0.96667
140.93155,0.2021,0.21535,0.20873,0.00121,0.0007,0.6318,-0.00621,0.27886,0.28234,0.2806,0.36302,0.47584,0.46786,0.47185,0.49223,-4.08153,-1.18,5.26192,Y4d-009,30,1.0
141.91102,0.19811,0.21633,0.20722,0.00069,0.00039,0.62577,-0.00509,0.27512,0.28462,0.27987,0.3669,0.47047,0.47565,0.47306,0.45978,-3.95414,-0.60396,4.81912,Y4d-009,31,1.03333
141.29788,0.20701,0.20477,0.20589,0.00166,0.00095,0.62773,0.00021,0.28094,0.29001,0.28548,0.366,0.47935,0.46657,0.47296,0.44129,-4.32417,-0.27405,4.50383,Y4d-009,32,1.06667
141.53892,0.14747,0.17119,0.15933,0.00315,0.00179,0.62187,0.00323,0.28785,0.3021,0.29498,0.35811,0.48486,0.46704,0.47595,0.44982,-3.77251,-1.29532,4.25664,Y4d-009,33,1.1
161.06897,0.27027,0.23765,0.25396,0.22171,0.11725,0.58472,0.03989,0.24248,0.23361,0.23805,0.34261,0.52216,0.44291,0.48254,0.32572,2.80641,-26.65837,-0.92944,Y4d-010,0,0.0
161.99544,0.28922,0.22921,0.25922,0.24734,0.12629,0.56664,0.05434,0.24534,0.23957,0.24246,0.3539,0.5209,0.44142,0.48116,0.3788,1.6297,-28.58376,0.63728,Y4d-010,1,0.03333
161.91728,0.26423,0.2465,0.25537,0.39164,0.20619,0.5821,0.06428,0.26028,0.24563,0.25296,0.35466,0.55206,0.4379,0.49498,0.37687,0.4066,-29.10892,1.59499,Y4d-010,2,0.06667
160.73287,0.28026,0.2426,0.26143,0.49475,0.25604,0.57252,0.06093,0.27119,0.25831,0.26475,0.34695,0.47215,0.5065,0.48933,0.42347,0.09506,-32.58491,2.65432,Y4d-010,3,0.1
160.26757,0.3123,0.28548,0.29889,0.38567,0.20715,0.59431,0.06674,0.2872,0.28079,0.284,0.36199,0.46836,0.5004,0.48438,0.48034,-0.59572,-30.71131,3.20634,Y4d-010,4,0.13333
161.20317,0.295,0.29864,0.29682,0.08288,0.04632,0.61473,0.02048,0.2909,0.27592,0.28341,0.36684,0.45366,0.46626,0.45996,0.53858,-1.13817,-28.45308,3.0143,Y4d-010,5,0.16667
162.70992,0.29678,0.31416,0.30547,0.00183,0.001,0.59485,0.02265,0.29345,0.26919,0.28132,0.36033,0.45507,0.48846,0.47177,0.50477,-0.88682,-27.20461,2.87363,Y4d-010,6,0.2
162.32465,0.34639,0.30414,0.32526,0.00175,0.00097,0.60357,0.0143,0.27272,0.28566,0.27919,0.36287,0.47742,0.4938,0.48561,0.56876,-1.31601,-27.75978,3.0348,Y4d-010,7,0.23333
162.64404,0.29137,0.31194,0.30165,0.00105,0.00058,0.60177,0.01397,0.29005,0.27881,0.28443,0.36804,0.47211,0.4955,0.4838,0.58551,-2.48521,-27.42238,2.81798,Y4d-010,8,0.26667
162.65958,0.31803,0.30748,0.31276,0.00254,0.00145,0.62476,0.00529,0.28739,0.28021,0.2838,0.35701,0.47894,0.49764,0.48829,0.59985,-2.57885,-25.89251,2.85952,Y4d-010,9,0.3
161.95206,0.30233,0.31224,0.30729,0.01422,0.00793,0.61561,0.00762,0.2865,0.27397,0.28023,0.36041,0.47122,0.49115,0.48119,0.59701,-2.80595,-27.03182,2.44232,Y4d-010,10,0.33333
163.03319,0.3127,0.33382,0.32326,0.12884,0.06708,0.58362,-0.01114,0.28244,0.27052,0.27648,0.35976,0.47562,0.50814,0.49188,0.59743,-3.15381,-26.27367,2.58603,Y4d-010,11,0.36667
161.1139,0.3216,0.2829,0.30225,0.16713,0.0862,0.58151,-0.00027,0.28289,0.27227,0.27758,0.3514,0.47242,0.49698,0.4847,0.56821,-3.04843,-26.32736,2.34279,Y4d-010,12,0.4
164.97052,0.28908,0.28809,0.28859,0.16473,0.08173,0.56056,0.00428,0.26944,0.24728,0.25836,0.35944,0.47149,0.50464,0.48807,0.49703,-2.10612,-23.50243,1.80062,Y4d-010,13,0.43333
164.34118,0.26696,0.26631,0.26663,0.21782,0.1041,0.54352,-5e-05,0.2577,0.24242,0.25006,0.34795,0.46251,0.49012,0.47631,0.44867,-1.50896,-23.30595,1.59898,Y4d-010,14,0.46667
165.35216,0.25017,0.24759,0.24888,0.22373,0.10685,0.54287,-0.0029,0.25429,0.24385,0.24907,0.34952,0.46911,0.50012,0.48461,0.41268,-1.41182,-21.95091,1.63403,Y4d-010,15,0.5
165.52721,0.26943,0.24393,0.25668,0.21984,0.10743,0.55402,0.00043,0.24389,0.24625,0.24507,0.35162,0.48696,0.48634,0.48665,0.42705,-1.51897,-22.03985,1.77614,Y4d-010,16,0.53333
164.66921,0.24473,0.25468,0.24971,0.17329,0.08988,0.583,0.01265,0.24278,0.23928,0.24103,0.35395,0.47405,0.48227,0.47816,0.45143,-0.88169,-21.82647,1.89331,Y4d-010,17,0.56667
161.93589,0.28422,0.24432,0.26427,0.15859,0.08435,0.59762,0.00596,0.23977,0.24279,0.24128,0.35178,0.46832,0.48249,0.4754,0.44817,-0.69829,-21.99148,2.06791,Y4d-010,18,0.6
163.08766,0.28456,0.24291,0.26374,0.16479,0.09016,0.61151,0.01187,0.23486,0.24103,0.23795,0.3503,0.47126,0.48235,0.4768,0.41804,-0.44482,-22.06344,2.0807,Y4d-010,19,0.63333
162.24161,0.28504,0.23611,0.26057,0.16631,0.09247,0.62048,0.0192,0.24066,0.23896,0.23981,0.35004,0.46752,0.48276,0.47514,0.46536,0.19832,-21.57881,1.96454,Y4d-010,20,0.66667
162.9979,0.2789,0.24285,0.26088,0.15797,0.08908,0.62628,0.02382,0.23926,0.23558,0.23742,0.35003,0.46503,0.48274,0.47388,0.41934,0.55034,-21.65367,1.88817,Y4d-010,21,0.7
162.36881,0.29002,0.2457,0.26786,0.18741,0.10576,0.62838,0.02222,0.23908,0.23687,0.23797,0.3464,0.46659,0.48581,0.4762,0.44353,0.58793,-22.16871,2.01963,Y4d-010,22,0.73333
164.04455,0.28568,0.23224,0.25896,0.18798,0.10499,0.61775,0.0285,0.23629,0.23441,0.23535,0.35265,0.45521,0.49765,0.47643,0.40044,0.35499,-21.96829,2.26399,Y4d-010,23,0.76667
164.01036,0.25636,0.24207,0.24922,0.17543,0.1016,0.63913,0.03532,0.24184,0.23947,0.24065,0.35487,0.45831,0.49701,0.47766,0.42126,1.0082,-20.24083,2.12597,Y4d-010,24,0.8
156.02974,0.14751,0.19024,0.16888,0.07038,0.03472,0.54863,0.01474,0.27086,0.2726,0.27173,0.34697,0.38585,0.51935,0.4526,0.17843,8.41014,-26.32981,-6.12972,Y4d-011,0,0.0
161.41873,0.22665,0.3082,0.26742,0.10562,0.05162,0.54543,0.01226,0.25441,0.25022,0.25232,0.32522,0.40102,0.52418,0.4626,0.24903,10.08111,-25.60578,-6.18434,Y4d-011,1,0.03333
160.71735,0.27152,0.30268,0.2871,0.10928,0.0544,0.55573,0.0096,0.24413,0.25848,0.2513,0.32994,0.38409,0.49669,0.44039,0.31392,8.33518,-24.26981,-5.80117,Y4d-011,2,0.06667
163.18435,0.28632,0.31745,0.30188,0.12463,0.06094,0.54672,0.00856,0.24337,0.24843,0.2459,0.33917,0.39494,0.49952,0.44723,0.37823,7.86688,-21.98679,-5.36201,Y4d-011,3,0.1
164.13919,0.29618,0.30565,0.30091,0.14338,0.0687,0.53711,0.0057,0.24853,0.25685,0.25269,0.34585,0.41387,0.50519,0.45953,0.3723,8.55177,-20.53271,-5.11764,Y4d-011,4,0.13333
165.09782,0.27567,0.32128,0.29848,0.15306,0.07834,0.57133,0.00272,0.25724,0.24489,0.25107,0.34772,0.40057,0.49779,0.44918,0.37541,7.8945,-19.26859,-4.74293,Y4d-011,5,0.16667
165.36113,0.27714,0.31446,0.2958,0.13852,0.06995,0.5639,0.00809,0.26427,0.24945,0.25686,0.35083,0.41294,0.49473,0.45384,0.3847,7.99277,-19.70551,-4.59244,Y4d-011,6,0.2
165.70539,0.27502,0.30287,0.28895,0.1628,0.07983,0.54753,0.00833,0.26814,0.24744,0.25779,0.35085,0.40851,0.48898,0.44874,0.3771,7.58617,-20.00853,-4.4126,Y4d-011,7,0.23333
165.36955,0.28596,0.30989,0.29793,0.15724,0.07845,0.55576,0.01021,0.2666,0.25353,0.26007,0.3397,0.40726,0.49204,0.44965,0.3577,7.17529,-19.79848,-4.41891,Y4d-011,8,0.26667
164.54546,0.28297,0.31049,0.29673,0.16776,0.08284,0.55055,0.01131,0.26006,0.24539,0.25272,0.33413,0.39057,0.49056,0.44056,0.34858,6.83073,-19.90831,-4.7283,Y4d-011,9,0.3
165.52262,0.28578,0.3039,0.29484,0.18274,0.09026,0.54976,0.01055,0.26487,0.24939,0.25713,0.33473,0.41023,0.47702,0.44363,0.37626,6.78236,-19.68637,-4.7966,Y4d-011,10,0.33333
164.22345,0.26046,0.27636,0.26841,0.23814,0.11807,0.55197,0.01165,0.25275,0.2601,0.25642,0.35985,0.48103,0.39402,0.43753,0.32984,7.25579,-18.56777,-4.15932,Y4d-011,11,0.36667
163.6782,0.2737,0.26075,0.26723,0.22305,0.11215,0.56139,0.00412,0.24596,0.26601,0.25598,0.35023,0.584,0.3606,0.4723,0.28401,8.27447,-18.60104,-4.10573,Y4d-011,12,0.4
161.85339,0.27454,0.24296,0.25875,0.22604,0.10869,0.54056,-0.00742,0.24947,0.25834,0.25391,0.35281,0.5857,0.3337,0.4597,0.28675,9.31868,-20.68002,-5.06862,Y4d-011,13,0.43333
162.85901,0.27476,0.2582,0.26648,0.23338,0.11118,0.53656,-0.00811,0.24574,0.26413,0.25494,0.33792,0.57598,0.34204,0.45901,0.31072,9.89792,-21.76167,-5.18947,Y4d-011,14,0.46667
160.49512,0.28812,0.28986,0.28899,0.2381,0.11027,0.51927,-0.01639,0.24494,0.24378,0.24436,0.33834,0.57736,0.31923,0.4483,0.32677,7.70718,-22.05342,-4.83623,Y4d-011,15,0.5
160.16272,0.31028,0.2936,0.30194,0.1913,0.08501,0.50027,-0.01065,0.23166,0.23458,0.23312,0.32194,0.58654,0.33653,0.46154,0.31932,8.72454,-22.67787,-4.63827,Y4d-011,16,0.53333
160.04529,0.31348,0.27366,0.29357,0.20327,0.09344,0.51568,-0.01371,0.23246,0.23735,0.2349,0.32744,0.57613,0.3205,0.44831,0.26677,8.66872,-23.38112,-4.83458,Y4d-011,17,0.56667
159.70144,0.30049,0.28186,0.29117,0.1459,0.06938,0.53295,-0.0078,0.24045,0.22754,0.23399,0.33318,0.59005,0.33022,0.46014,0.30665,8.44451,-23.26553,-4.61727,Y4d-011,18,0.6
158.12531,0.29485,0.29955,0.2972,0.05913,0.0307,0.57832,-0.00187,0.23904,0.23824,0.23864,0.33974,0.57011,0.3116,0.44086,0.29935,10.43214,-22.40406,-5.11428,Y4d-011,19,0.63333
158.22665,0.31126,0.2983,0.30478,0.00303,0.00157,0.56922,0.01051,0.23805,0.24786,0.24295,0.33397,0.57165,0.33926,0.45546,0.30404,11.18016,-22.93448,-4.87526,Y4d-011,20,0.66667
159.17368,0.29569,0.29914,0.29742,0.0017,0.00089,0.57274,0.02339,0.23363,0.24382,0.23872,0.32462,0.57201,0.35946,0.46573,0.32873,11.63703,-21.90473,-4.879,Y4d-011,21,0.7
158.67184,0.31643,0.28956,0.303,0.00139,0.00072,0.5694,0.02883,0.23247,0.24549,0.23898,0.32572,0.58158,0.35698,0.46928,0.29554,12.56896,-22.40634,-5.39161,Y4d-011,22,0.73333
159.18646,0.31465,0.30529,0.30997,0.00047,0.00024,0.56525,0.03504,0.2274,0.23718,0.23229,0.328,0.5945,0.36519,0.47985,0.32237,12.45334,-21.07972,-4.92807,Y4d-011,23,0.76667
157.97867,0.29543,0.31011,0.30277,0.00279,0.00147,0.57616,0.03787,0.23492,0.23776,0.23634,0.33279,0.57878,0.36788,0.47333,0.33821,12.89318,-22.10312,-5.11918,Y4d-011,24,0.8
158.63543,0.31096,0.29898,0.30497,0.00228,0.00118,0.56875,0.03275,0.23249,0.24465,0.23857,0.33586,0.58525,0.36433,0.47479,0.31406,12.75587,-22.54254,-5.2463,Y4d-011,25,0.83333
158.29353,0.29984,0.2923,0.29607,0.0014,0.00073,0.5737,0.03366,0.23248,0.24212,0.2373,0.3341,0.57642,0.36743,0.47192,0.32615,12.83282,-21.76574,-5.30216,Y4d-011,26,0.86667
158.55413,0.2803,0.29499,0.28765,0.0003,0.00016,0.5809,0.03277,0.23883,0.24172,0.24028,0.32467,0.54907,0.36494,0.457,0.31081,13.14014,-21.3252,-5.20166,Y4d-011,27,0.9
158.40089,0.25941,0.26877,0.26409,0.00015,8e-05,0.59618,0.03472,0.2403,0.24948,0.24489,0.33035,0.53907,0.3617,0.45039,0.30275,12.78767,-20.48517,-5.17817,Y4d-011,28,0.93333
156.90021,0.28738,0.27986,0.28362,0.00051,0.00028,0.59896,0.0345,0.23721,0.25457,0.24589,0.33186,0.55121,0.33231,0.44176,0.28686,12.69504,-20.45384,-5.13651,Y4d-011,29,0.96667
156.73207,0.28042,0.27899,0.27971,0.00224,0.00121,0.59031,0.0353,0.24308,0.24952,0.2463,0.33643,0.5545,0.33143,0.44296,0.28017,12.59071,-20.75387,-5.31726,Y4d-011,30,1.0
158.06491,0.27188,0.27579,0.27383,0.00197,0.00105,0.58126,0.03466,0.23564,0.25355,0.24459,0.33977,0.56789,0.33821,0.45305,0.30901,13.0193,-20.20359,-5.47796,Y4d-011,31,1.03333
156.60691,0.274,0.28009,0.27705,0.0015,0.0008,0.58476,0.03498,0.23454,0.25342,0.24398,0.33693,0.54682,0.32554,0.43618,0.3102,12.78771,-20.9293,-5.65481,Y4d-011,32,1.06667
158.40749,0.25884,0.26859,0.26371,0.0002,0.00011,0.58541,0.03573,0.2398,0.25331,0.24656,0.33229,0.54866,0.35014,0.4494,0.31324,12.81003,-20.41013,-5.61068,Y4d-011,33,1.1
158.4519,0.2694,0.26923,0.26932,0.0009,0.00048,0.58498,0.03507,0.23582,0.25627,0.24604,0.32867,0.55598,0.35081,0.45339,0.31199,12.82922,-20.45924,-5.25012,Y4d-011,34,1.13333
158.47981,0.26757,0.26558,0.26657,0.00091,0.00049,0.58596,0.03372,0.23353,0.25127,0.2424,0.32796,0.54878,0.35621,0.4525,0.31454,12.80358,-20.28244,-4.98685,Y4d-011,35,1.16667
157.74744,0.26147,0.27657,0.26902,0.00077,0.00041,0.58448,0.03475,0.24183,0.25177,0.2468,0.3391,0.54183,0.34526,0.44355,0.27901,12.8455,-20.81543,-5.10753,Y4d-011,36,1.2
156.94758,0.28606,0.27738,0.28172,0.0007,0.00037,0.58405,0.03989,0.243,0.25456,0.24878,0.33631,0.5525,0.33419,0.44335,0.2794,12.9214,-20.72913,-5.06277,Y4d-011,37,1.23333
158.22569,0.26885,0.26513,0.26699,0.00088,0.00047,0.57882,0.0398,0.24207,0.25264,0.24736,0.32654,0.55558,0.3489,0.45224,0.29207,13.38248,-19.79598,-4.85106,Y4d-011,38,1.26667
139.15294,0.09708,0.02693,0.06201,0.1868,0.08456,0.5095,0.01507,0.31027,0.31632,0.3133,0.31695,0.40344,0.54446,0.47395,-0.29573,0.2785,-27.06968,4.60709,Y4d-012,0,0.0
133.67182,0.11604,0.11512,0.11558,0.18366,0.08394,0.51539,0.00922,0.30608,0.31429,0.31019,0.34797,0.43138,0.57879,0.50509,0.23831,-1.14233,-30.70419,6.16159,Y4d-012,1,0.03333
131.29263,0.24104,0.22605,0.23354,0.24362,0.11692,0.54048,0.00915,0.27577,0.28926,0.28251,0.34273,0.44361,0.55516,0.49939,0.31472,0.75387,-32.12505,5.6299,Y4d-012,2,0.06667
132.81886,0.2462,0.24609,0.24615,0.23478,0.1127,0.53966,0.00857,0.26515,0.27236,0.26875,0.33462,0.44965,0.54501,0.49733,0.35227,0.82969,-31.57825,5.724,Y4d-012,3,0.1
133.13195,0.26388,0.26374,0.26381,0.18386,0.09172,0.55894,0.00944,0.26158,0.27488,0.26823,0.33626,0.45553,0.54364,0.49958,0.40005,-0.01484,-30.82768,6.30502,Y4d-012,4,0.13333
133.73683,0.2543,0.27044,0.26237,0.17839,0.08926,0.56143,0.00384,0.26927,0.2643,0.26679,0.33533,0.44377,0.58522,0.51449,0.44198,-1.71496,-31.19506,6.80301,Y4d-012,5,0.16667
134.14591,0.26718,0.28349,0.27533,0.15721,0.08359,0.59759,0.00222,0.27514,0.26325,0.26919,0.33943,0.45856,0.58512,0.52184,0.46048,-1.91836,-30.28147,6.57779,Y4d-012,6,0.2
134.46712,0.27792,0.27907,0.27849,0.14394,0.08075,0.62594,0.02078,0.27319,0.26885,0.27102,0.33833,0.46904,0.59329,0.53116,0.47194,-2.09073,-28.68723,6.50917,Y4d-012,7,0.23333
135.11089,0.27332,0.29319,0.28325,0.17353,0.09783,0.62476,0.03559,0.26888,0.25961,0.26424,0.33422,0.45883,0.6137,0.53627,0.52303,-2.25869,-29.03159,6.07229,Y4d-012,8,0.26667
133.92041,0.2894,0.29331,0.29135,0.16703,0.09723,0.64326,0.0381,0.26789,0.26651,0.2672,0.34656,0.46551,0.59804,0.53177,0.48549,-1.5148,-29.59073,4.46199,Y4d-012,9,0.3
134.77432,0.27216,0.29727,0.28471,0.15745,0.08961,0.62957,0.04431,0.26984,0.26061,0.26523,0.33475,0.4577,0.6043,0.531,0.4781,0.3193,-29.41655,1.79809,Y4d-012,10,0.33333
133.90957,0.27478,0.29656,0.28567,0.1768,0.10174,0.6354,0.06163,0.26776,0.26516,0.26646,0.34455,0.46327,0.5721,0.51768,0.40389,3.34651,-28.41989,-0.74967,Y4d-012,11,0.36667
133.55495,0.28929,0.30095,0.29512,0.13546,0.07634,0.61962,0.08781,0.25107,0.26222,0.25664,0.33455,0.45728,0.55566,0.50647,0.38246,7.30839,-27.41716,-3.16785,Y4d-012,12,0.4
134.71427,0.27773,0.32277,0.30025,0.1266,0.06911,0.60213,0.0885,0.23871,0.2507,0.24471,0.33936,0.45158,0.56868,0.51013,0.37798,8.38631,-25.30565,-4.24626,Y4d-012,13,0.43333
134.98954,0.28514,0.33501,0.31007,0.10705,0.06234,0.63886,0.07192,0.22966,0.24573,0.23769,0.34876,0.4595,0.54153,0.50052,0.38443,10.80112,-23.24662,-4.36084,Y4d-012,14,0.46667
132.06379,0.30488,0.32373,0.3143,0.00199,0.00122,0.67207,0.06315,0.21128,0.25124,0.23126,0.34418,0.45846,0.53629,0.49738,0.38913,23.42168,-21.84586,-7.15061,Y4d-012,15,0.5
130.70336,0.29355,0.33381,0.31368,0.00194,0.00123,0.69243,0.07043,0.21948,0.23755,0.22852,0.33345,0.46267,0.53885,0.50076,0.3879,24.01716,-21.96261,-4.6396,Y4d-012,16,0.53333
129.24305,0.2984,0.33978,0.31909,0.00152,0.00098,0.69794,0.06612,0.2235,0.23613,0.22981,0.33934,0.44726,0.56849,0.50787,0.41546,22.98017,-24.7796,-2.02998,Y4d-012,17,0.56667
126.89394,0.30466,0.36474,0.3347,0.00112,0.00071,0.69389,0.05972,0.22067,0.23331,0.22699,0.3318,0.43047,0.5859,0.50818,0.43962,20.7952,-28.35973,0.30912,Y4d-012,18,0.6
125.06683,0.30282,0.34453,0.32367,0.00257,0.00167,0.7122,0.06433,0.22617,0.24693,0.23655,0.32563,0.43912,0.56091,0.50001,0.44888,20.81513,-29.67509,1.10406,Y4d-012,19,0.63333
122.49489,0.30285,0.34131,0.32208,0.00154,0.00101,0.72107,0.06855,0.22724,0.25006,0.23865,0.31894,0.40458,0.5695,0.48704,0.47211,21.83342,-30.58876,1.08839,Y4d-012,20,0.66667
123.65833,0.2996,0.33641,0.31801,0.00237,0.00154,0.71122,0.0653,0.22611,0.24223,0.23417,0.31968,0.42505,0.59308,0.50906,0.45458,23.29051,-30.60447,-0.01594,Y4d-012,21,0.7
122.79762,0.2949,0.3574,0.32615,0.00271,0.0018,0.72353,0.06799,0.22102,0.24517,0.23309,0.3127,0.41744,0.56182,0.48963,0.47515,23.73413,-29.99598,-0.65018,Y4d-012,22,0.73333
122.95523,0.28917,0.3448,0.31698,0.00297,0.00196,0.71967,0.07511,0.21916,0.2412,0.23018,0.31839,0.40477,0.57998,0.49237,0.48052,13.60272,-28.65791,4.70852,Y4d-012,23,0.76667
124.09792,0.30284,0.33278,0.31781,0.00254,0.00162,0.69684,0.06956,0.22438,0.24199,0.23319,0.32342,0.43732,0.61239,0.52485,0.46152,13.03306,-28.44468,5.51093,Y4d-012,24,0.8
124.18451,0.28767,0.34003,0.31385,0.00333,0.00221,0.72447,0.07789,0.22741,0.24379,0.2356,0.32266,0.44189,0.60617,0.52403,0.47094,12.63067,-27.65454,6.77064,Y4d-012,25,0.83333
122.64941,0.29058,0.3375,0.31404,0.00214,0.00143,0.72946,0.079,0.22944,0.24872,0.23908,0.31633,0.44521,0.57324,0.50922,0.48268,11.17227,-28.49542,8.10351,Y4d-012,26,0.86667
122.5412,0.30089,0.32541,0.31315,0.00154,0.00102,0.72069,0.07377,0.22588,0.2465,0.23619,0.31316,0.4342,0.57268,0.50344,0.50926,10.35124,-28.85239,9.23372,Y4d-012,27,0.9
122.08138,0.30537,0.33499,0.32018,0.00186,0.0012,0.70822,0.07176,0.226,0.24639,0.23619,0.31428,0.43418,0.58152,0.50785,0.50809,10.31494,-30.14644,9.5738,Y4d-012,28,0.93333
120.19279,0.28832,0.34803,0.31817,0.00247,0.00162,0.71423,0.0749,0.23252,0.24925,0.24089,0.31769,0.40733,0.57712,0.49222,0.51696,10.25293,-31.05953,9.1488,Y4d-012,29,0.96667
120.57402,0.28412,0.32059,0.30236,0.00119,0.00076,0.70174,0.07103,0.22669,0.24788,0.23728,0.31784,0.40474,0.57156,0.48815,0.49024,10.21631,-31.23117,7.72269,Y4d-012,30,1.0
122.19532,0.2795,0.33443,0.30696,0.00165,0.00108,0.7178,0.0767,0.22556,0.24393,0.23474,0.31608,0.40822,0.59448,0.50135,0.48672,12.06631,-29.55426,6.08759,Y4d-012,31,1.03333
123.5605,0.31089,0.32862,0.31975,0.00143,0.00093,0.71121,0.07414,0.21862,0.24032,0.22947,0.31481,0.4303,0.58525,0.50778,0.47138,12.36051,-28.98353,5.22859,Y4d-012,32,1.06667
124.2823,0.30028,0.32732,0.3138,0.00348,0.0023,0.72157,0.07968,0.22115,0.23953,0.23034,0.31527,0.43212,0.57694,0.50453,0.46293,13.53459,-27.94169,4.36135,Y4d-012,33,1.1
125.96185,0.29189,0.35409,0.32299,0.00323,0.00213,0.71824,0.07641,0.22342,0.23447,0.22894,0.32456,0.45404,0.58952,0.52178,0.49139,13.98919,-27.43771,3.89513,Y4d-012,34,1.13333
166.05543,0.26458,0.25827,0.26143,0.15537,0.08032,0.57828,0.00678,0.25204,0.2595,0.25577,0.33617,0.44199,0.5219,0.48195,0.44169,1.3495,9.98069,2.22476,Y4d-013,0,0.0
165.50489,0.24527,0.26102,0.25315,0.15718,0.08648,0.61056,0.00856,0.26444,0.26242,0.26343,0.33822,0.44173,0.52759,0.48466,0.4449,-0.51641,6.82109,2.32689,Y4d-013,1,0.03333
168.16529,0.24648,0.24321,0.24485,0.14476,0.0798,0.60992,0.00851,0.25295,0.26262,0.25778,0.34691,0.44991,0.54882,0.49936,0.46267,-1.06231,6.39684,2.77655,Y4d-013,2,0.06667
165.97017,0.24144,0.254,0.24772,0.14363,0.07857,0.60645,0.01548,0.25885,0.26423,0.26154,0.34562,0.41772,0.5368,0.47726,0.43331,0.68651,8.10106,2.80604,Y4d-013,3,0.1
165.53248,0.23303,0.24796,0.24049,0.15157,0.08381,0.61199,0.00908,0.26198,0.26406,0.26302,0.34333,0.43419,0.52701,0.4806,0.44621,-0.11435,7.22083,2.69801,Y4d-013,4,0.13333
165.24358,0.2421,0.25574,0.24892,0.15271,0.08247,0.59831,0.01633,0.25983,0.2644,0.26211,0.34365,0.42704,0.53196,0.4795,0.44072,-0.11438,8.10301,2.77231,Y4d-013,5,0.16667
166.77595,0.24091,0.2588,0.24985,0.14502,0.08145,0.62137,0.01967,0.26105,0.25956,0.2603,0.35348,0.43576,0.52944,0.4826,0.45193,0.07844,5.97641,2.55501,Y4d-013,6,0.2
167.02854,0.2404,0.24571,0.24306,0.16793,0.09162,0.60766,0.02152,0.25384,0.26524,0.25954,0.34065,0.44864,0.53012,0.48938,0.43877,-0.03867,7.77806,2.38235,Y4d-013,7,0.23333
170.14496,0.2249,0.25394,0.23942,0.2088,0.11195,0.59839,0.03245,0.26095,0.25154,0.25625,0.34805,0.4464,0.54188,0.49414,0.45281,-0.75889,5.14561,1.94344,Y4d-013,8,0.26667
166.09255,0.23289,0.24099,0.23694,0.28643,0.14886,0.5808,0.02179,0.26893,0.27453,0.27173,0.35114,0.43957,0.49421,0.46689,0.40116,-1.06794,8.51989,1.99327,Y4d-013,9,0.3
168.9496,0.23546,0.22655,0.23101,0.00956,0.0045,0.52703,-0.02575,0.26535,0.27626,0.27081,0.36128,0.53714,0.46439,0.50076,0.54691,-2.69307,-2.58011,3.6751,Y4d-013,10,0.33333
171.91402,0.2118,0.18262,0.19721,0.00464,0.00236,0.55858,-0.03827,0.27778,0.27543,0.2766,0.34402,0.62447,0.43165,0.52806,0.4317,-4.6282,-5.82489,4.50353,Y4d-013,11,0.36667
170.18489,0.2025,0.2179,0.2102,0.00452,0.00218,0.53039,-0.03841,0.2926,0.27541,0.284,0.34313,0.65506,0.42208,0.53857,0.51669,-3.03554,-16.47047,5.16894,Y4d-013,12,0.4
166.68651,0.2023,0.20777,0.20503,0.0045,0.00219,0.5372,-0.02406,0.29467,0.28534,0.29001,0.33134,0.60717,0.43403,0.5206,0.4884,-0.92037,-20.53829,4.74206,Y4d-013,13,0.43333
167.77216,0.17883,0.20544,0.19214,0.02033,0.00947,0.52132,-0.01068,0.29201,0.281,0.2865,0.33197,0.58897,0.42923,0.5091,0.38664,0.00369,-21.64391,3.91337,Y4d-013,14,0.46667
165.48284,0.20598,0.21279,0.20939,0.16988,0.08486,0.56177,0.00645,0.28546,0.28079,0.28312,0.33147,0.60981,0.43717,0.52349,0.38139,0.85317,-21.68614,3.45198,Y4d-013,15,0.5
164.66313,0.20063,0.21384,0.20723,0.1848,0.09517,0.57627,0.03831,0.2783,0.27277,0.27553,0.33594,0.65548,0.43385,0.54467,0.43507,1.79207,-22.63013,2.89574,Y4d-013,16,0.53333
164.24091,0.19309,0.21963,0.20636,0.20705,0.10816,0.58552,0.03685,0.26867,0.2679,0.26829,0.32908,0.66153,0.42986,0.5457,0.46592,2.10196,-22.7513,3.11769,Y4d-013,17,0.56667
163.58954,0.17501,0.23232,0.20366,0.20149,0.10728,0.59258,0.03043,0.26074,0.26175,0.26125,0.32256,0.66458,0.42742,0.546,0.55392,0.89038,-23.54972,4.2461,Y4d-013,18,0.6
159.67061,0.17454,0.24359,0.20907,0.21345,0.11774,0.6116,0.031,0.2743,0.27229,0.2733,0.33449,0.65102,0.41319,0.53211,0.53655,1.58597,-24.57921,5.21082,Y4d-013,19,0.63333
155.88859,0.18254,0.22473,0.20364,0.25211,0.13878,0.61169,0.03212,0.26798,0.26812,0.26805,0.32682,0.61458,0.40902,0.5118,0.59959,1.48093,-26.35625,6.59273,Y4d-013,20,0.66667
154.58199,0.17778,0.2259,0.20184,0.26019,0.14102,0.60328,0.04404,0.2695,0.26549,0.2675,0.31892,0.59882,0.42339,0.51111,0.61526,3.50371,-26.22055,6.94803,Y4d-013,21,0.7
152.45824,0.18164,0.22643,0.20404,0.28021,0.14948,0.59403,0.03702,0.27067,0.26345,0.26706,0.30708,0.56173,0.43949,0.50061,0.5629,2.19428,-27.46885,8.95999,Y4d-013,22,0.73333
150.16887,0.18078,0.23958,0.21018,0.26643,0.1524,0.63469,0.05384,0.27292,0.26744,0.27018,0.31612,0.5392,0.43197,0.48558,0.58543,2.43708,-27.23671,9.722,Y4d-013,23,0.76667
147.55603,0.19927,0.24166,0.22047,0.28467,0.16143,0.6322,0.05663,0.27543,0.27314,0.27429,0.31761,0.58212,0.42265,0.50238,0.62236,3.2347,-28.50318,12.05668,Y4d-013,24,0.8
145.52123,0.19079,0.22155,0.20617,0.2788,0.16387,0.65296,0.07294,0.2832,0.27585,0.27952,0.32067,0.58713,0.38902,0.48807,0.62948,2.29345,-28.47576,12.17272,Y4d-013,25,0.83333
145.32598,0.18931,0.23866,0.21399,0.30046,0.17332,0.63887,0.06738,0.28468,0.26986,0.27727,0.32313,0.63516,0.40373,0.51945,0.70541,1.22975,-30.08109,12.99036,Y4d-013,26,0.86667
145.03706,0.18722,0.24502,0.21612,0.32206,0.1859,0.64107,0.05971,0.28402,0.26763,0.27583,0.3177,0.59025,0.37337,0.48181,0.7043,1.25774,-30.54034,13.5606,Y4d-013,27,0.9
145.34873,0.16337,0.26564,0.2145,0.33218,0.19112,0.63953,0.04878,0.28764,0.26638,0.27701,0.3131,0.66399,0.38126,0.52262,0.83426,0.56853,-30.97398,14.02363,Y4d-013,28,0.93333
145.0744,0.16614,0.24996,0.20805,0.34082,0.19698,0.6423,0.0451,0.28737,0.2767,0.28203,0.32628,0.70522,0.40096,0.55309,0.87954,-0.38705,-32.43818,14.93228,Y4d-013,29,0.96667
147.44847,0.19785,0.24486,0.22135,0.3348,0.19131,0.63434,0.03294,0.27435,0.26649,0.27042,0.32761,0.70668,0.40772,0.5572,0.81532,-2.52978,-32.135,16.07737,Y4d-013,30,1.0
146.75418,0.18664,0.25547,0.22106,0.32844,0.20028,0.67461,0.05322,0.28467,0.26978,0.27722,0.333,0.60968,0.39918,0.50443,0.7527,-2.88212,-33.73827,16.22676,Y4d-013,31,1.03333
149.55211,0.17056,0.23651,0.20354,0.30089,0.1836,0.67383,0.03074,0.27804,0.2674,0.27272,0.32705,0.61786,0.39627,0.50707,0.73498,-4.85623,-32.87553,16.74722,Y4d-013,32,1.06667
145.8896,0.0694,0.06305,0.06622,0.00665,0.00333,0.54992,0.02425,0.33069,0.35141,0.34105,0.34498,0.46811,0.48576,0.47693,-0.21104,16.10962,9.5289,-2.88856,Y4d-014,0,0.0
146.10234,0.05746,0.07083,0.06414,0.00463,0.00238,0.56271,0.02079,0.32902,0.34387,0.33644,0.32747,0.45029,0.47285,0.46157,-1.22742,16.86642,6.24891,-2.72395,Y4d-014,1,0.03333
146.23329,0.08926,0.07273,0.08099,0.00361,0.00184,0.55976,0.02001,0.31623,0.34088,0.32855,0.3353,0.43077,0.45052,0.44065,-0.8569,15.09482,7.53337,-2.87222,Y4d-014,2,0.06667
143.10448,0.09393,0.11711,0.10552,0.00222,0.00116,0.57568,0.0298,0.30447,0.31689,0.31068,0.3248,0.43986,0.41516,0.42751,-0.08734,14.05286,8.40291,-2.81795,Y4d-014,3,0.1
139.63836,0.13255,0.16424,0.1484,0.11203,0.05769,0.56839,0.04449,0.28998,0.29224,0.29111,0.3281,0.46631,0.41636,0.44134,0.08195,9.86253,13.56028,-3.18765,Y4d-014,4,0.13333
136.78108,0.18353,0.19727,0.1904,0.30919,0.16015,0.57254,0.07557,0.27778,0.283,0.28039,0.33045,0.45888,0.43334,0.44611,0.19605,8.36378,16.80163,-3.28921,Y4d-014,5,0.16667
139.09782,0.22308,0.21361,0.21834,0.33194,0.1691,0.56075,0.08694,0.26083,0.26443,0.26263,0.32739,0.47559,0.4082,0.44189,0.28296,8.28056,17.85355,-2.81111,Y4d-014,6,0.2
138.37618,0.23391,0.233,0.23346,0.28754,0.14101,0.54333,0.07066,0.25779,0.24981,0.2538,0.33048,0.49588,0.396,0.44594,0.28976,9.31572,21.30117,-1.90602,Y4d-014,7,0.23333
136.37453,0.27798,0.2362,0.25709,0.21525,0.10107,0.52133,0.05814,0.24309,0.24043,0.24176,0.31701,0.50771,0.37528,0.4415,0.31585,9.87133,25.47579,-1.18982,Y4d-014,8,0.26667
137.00746,0.27972,0.27667,0.2782,0.11371,0.05464,0.53467,0.04663,0.24089,0.22627,0.23358,0.30776,0.54865,0.38771,0.46818,0.34583,12.11939,26.24071,-0.49499,Y4d-014,9,0.3
135.50707,0.29589,0.26239,0.27914,0.09405,0.04424,0.52394,0.04184,0.24435,0.22473,0.23454,0.32359,0.54625,0.38674,0.4665,0.3279,12.21395,28.39724,0.41223,Y4d-014,10,0.33333
134.35668,0.33964,0.25585,0.29774,0.09066,0.04245,0.52124,0.0444,0.24343,0.23096,0.2372,0.32157,0.5558,0.37081,0.46331,0.34449,13.02516,29.07611,1.14467,Y4d-014,11,0.36667
133.29638,0.34352,0.287,0.31526,0.11224,0.0533,0.52574,0.04985,0.24609,0.23185,0.23897,0.31819,0.56255,0.35771,0.46013,0.39685,11.54004,30.50988,1.01917,Y4d-014,12,0.4
134.36399,0.34337,0.28629,0.31483,0.15514,0.07497,0.53778,0.04808,0.23501,0.22747,0.23124,0.32361,0.57411,0.36285,0.46848,0.39799,10.80575,30.39933,0.75246,Y4d-014,13,0.43333
133.77127,0.34261,0.29352,0.31807,0.20309,0.09895,0.54172,0.04537,0.24108,0.23534,0.23821,0.32298,0.56275,0.37485,0.4688,0.39198,10.75039,32.26029,0.38924,Y4d-014,14,0.46667
134.02952,0.34376,0.27916,0.31146,0.33761,0.16662,0.5488,0.05535,0.24527,0.23902,0.24215,0.33425,0.55328,0.37371,0.46349,0.38435,10.76857,33.28922,-0.30146,Y4d-014,15,0.5
134.35854,0.33191,0.28989,0.3109,0.37164,0.18853,0.56182,0.0554,0.24389,0.23692,0.24041,0.32914,0.55323,0.35685,0.45504,0.3927,10.20683,32.78615,-0.7355,Y4d-014,16,0.53333
135.09645,0.32142,0.27556,0.29849,0.42522,0.21234,0.55242,0.06859,0.24331,0.23922,0.24126,0.31318,0.56525,0.38663,0.47594,0.38946,10.43278,32.12855,-0.94744,Y4d-014,17,0.56667
135.94776,0.32688,0.28507,0.30598,0.36263,0.17774,0.5427,0.07634,0.23299,0.22695,0.22997,0.31515,0.56406,0.40124,0.48265,0.37206,12.35314,30.80158,-0.98452,Y4d-014,18,0.6
135.98334,0.34238,0.28931,0.31585,0.31504,0.15522,0.54519,0.08145,0.22548,0.22013,0.22281,0.31711,0.5645,0.39615,0.48032,0.37473,14.02531,29.81351,-0.90778,Y4d-014,19,0.63333
136.08958,0.32492,0.29372,0.30932,0.28422,0.14299,0.55346,0.08367,0.23429,0.21728,0.22578,0.32066,0.55811,0.3934,0.47575,0.33279,14.49368,28.35696,-0.68342,Y4d-014,20,0.66667
136.83925,0.33575,0.31317,0.32446,0.2264,0.10911,0.53478,0.07317,0.22744,0.21486,0.22115,0.32017,0.55715,0.39326,0.47521,0.38594,13.34737,28.40801,-0.79361,Y4d-014,21,0.7
136.42373,0.31643,0.30262,0.30953,0.19606,0.09311,0.52617,0.05968,0.22771,0.22845,0.22808,0.32107,0.57987,0.38792,0.48389,0.4081,11.50825,28.93678,-0.40407,Y4d-014,22,0.73333
134.62137,0.321,0.29875,0.30988,0.15769,0.07321,0.51676,0.04805,0.23916,0.23041,0.23479,0.32501,0.56373,0.384,0.47387,0.40719,9.33152,30.49338,-0.23437,Y4d-014,23,0.76667
133.0299,0.29337,0.29582,0.29459,0.11721,0.05489,0.52304,0.04362,0.25025,0.24131,0.24578,0.31433,0.54895,0.37517,0.46206,0.41396,8.04712,31.48676,0.17644,Y4d-014,24,0.8
132.69284,0.29218,0.27842,0.2853,0.08723,0.03962,0.50894,0.02767,0.25667,0.24646,0.25156,0.32824,0.55134,0.38047,0.46591,0.43737,6.07896,31.77447,0.1247,Y4d-014,25,0.83333
134.18885,0.27955,0.28246,0.28101,0.05164,0.02395,0.51813,0.02324,0.25769,0.25267,0.25518,0.32974,0.53106,0.38368,0.45737,0.43489,5.96624,29.82539,0.26867,Y4d-014,26,0.86667
135.64085,0.2837,0.25959,0.27165,0.01059,0.00491,0.51501,0.02258,0.24773,0.26007,0.2539,0.32694,0.53208,0.37652,0.4543,0.44761,5.60295,28.6569,0.19959,Y4d-014,27,0.9
138.4153,0.28217,0.26049,0.27133,0.00728,0.00337,0.51336,0.01996,0.24213,0.25447,0.2483,0.32453,0.54265,0.39138,0.46701,0.46848,5.64787,25.62516,0.14504,Y4d-014,28,0.93333
137.83861,0.26884,0.27671,0.27278,0.00745,0.0035,0.51934,0.02605,0.25058,0.25144,0.25101,0.31975,0.52156,0.3938,0.45768,0.47656,5.78705,25.73738,0.04226,Y4d-014,29,0.96667
137.62375,0.29341,0.25229,0.27285,0.02586,0.01228,0.5271,0.02511,0.24445,0.25392,0.24919,0.31986,0.51608,0.41741,0.46675,0.464,6.50813,24.16249,0.45579,Y4d-014,30,1.0
140.13361,0.28938,0.27804,0.28371,0.00959,0.00458,0.52857,0.02606,0.24673,0.24939,0.24806,0.32463,0.49362,0.43584,0.46473,0.45208,7.27211,21.03527,0.5197,Y4d-014,31,1.03333
139.86476,0.31655,0.25187,0.28421,0.00444,0.00215,0.53468,0.03216,0.24789,0.25658,0.25224,0.32499,0.49597,0.42653,0.46125,0.43447,8.54807,20.37004,0.37839,Y4d-014,32,1.06667
140.21367,0.29694,0.256,0.27647,0.00371,0.00183,0.54406,0.02795,0.24705,0.25269,0.24987,0.32315,0.48071,0.43544,0.45808,0.43517,10.68884,17.60845,0.72694,Y4d-014,33,1.1
140.36307,0.30339,0.25648,0.27993,0.00298,0.00149,0.55113,0.03038,0.24197,0.24975,0.24586,0.31839,0.47236,0.43592,0.45414,0.43258,12.14977,16.05469,0.9072,Y4d-014,34,1.13333
139.51753,0.29399,0.27341,0.2837,0.00117,0.0006,0.56594,0.03353,0.24753,0.24953,0.24853,0.32437,0.46959,0.44704,0.45831,0.4208,12.63331,14.7838,0.70781,Y4d-014,35,1.16667
140.1139,0.27684,0.26603,0.27143,0.00115,0.0006,0.57206,0.0302,0.24746,0.24781,0.24763,0.32788,0.47657,0.4486,0.46258,0.40015,12.72469,14.60461,0.79818,Y4d-014,36,1.2
140.72241,0.27091,0.28847,0.27969,0.0036,0.00184,0.56022,0.02802,0.24474,0.24651,0.24563,0.33125,0.46396,0.45544,0.4597,0.41435,13.01403,15.13984,0.71697,Y4d-014,37,1.23333
140.10925,0.27172,0.27973,0.27572,0.00384,0.00198,0.56539,0.03209,0.24595,0.24872,0.24734,0.3317,0.46719,0.45263,0.45991,0.43962,13.31744,14.77409,0.55922,Y4d-014,38,1.26667
140.06685,0.26916,0.28633,0.27775,0.00324,0.00168,0.57116,0.02582,0.24607,0.24664,0.24635,0.32868,0.46636,0.45105,0.4587,0.44975,12.73507,14.05298,0.39986,Y4d-014,39,1.3
139.87043,0.26552,0.27971,0.27262,0.00403,0.00212,0.57614,0.02642,0.2493,0.24778,0.24854,0.3298,0.46735,0.44719,0.45727,0.43184,12.34707,12.73977,0.07136,Y4d-014,40,1.33333
139.36034,0.26584,0.27919,0.27252,0.00339,0.00179,0.57926,0.02683,0.24989,0.25088,0.25039,0.32979,0.46832,0.44638,0.45735,0.43729,12.13043,13.17851,-0.05029,Y4d-014,41,1.36667
139.73035,0.26952,0.29974,0.28463,0.00208,0.0011,0.58389,0.02631,0.24654,0.24265,0.24459,0.32456,0.46752,0.45895,0.46323,0.43143,12.37906,13.24503,0.03362,Y4d-014,42,1.4
139.17638,0.27555,0.3037,0.28962,0.00224,0.0012,0.58895,0.02481,0.24896,0.24295,0.24595,0.32234,0.46505,0.46196,0.4635,0.42386,12.37152,13.35746,-0.08383,Y4d-014,43,1.43333
139.43633,0.28454,0.28964,0.28709,0.00373,0.00199,0.58477,0.02416,0.24847,0.24699,0.24773,0.32364,0.47004,0.45485,0.46244,0.40215,12.25264,14.35772,-0.31684,Y4d-014,44,1.46667
138.96998,0.28144,0.28203,0.28174,0.00362,0.00197,0.5966,0.02694,0.24951,0.25245,0.25098,0.32588,0.46203,0.44608,0.45405,0.39535,12.25795,13.71459,-0.31975,Y4d-014,45,1.5
139.04542,0.27231,0.26534,0.26883,0.00371,0.00198,0.58633,0.02417,0.24711,0.25244,0.24978,0.32532,0.45236,0.44535,0.44886,0.41326,11.7437,12.908,-0.1208,Y4d-014,46,1.53333
139.16401,0.27723,0.27315,0.27519,0.00351,0.00189,0.59109,0.02398,0.24614,0.25051,0.24832,0.32901,0.45549,0.44617,0.45083,0.4132,12.21728,12.24281,-0.17423,Y4d-014,47,1.56667
139.24732,0.28292,0.27097,0.27694,0.0031,0.00167,0.59266,0.02493,0.24733,0.24889,0.24811,0.32269,0.45146,0.45058,0.45102,0.40595,11.87399,12.06673,-0.16651,Y4d-014,48,1.6
139.07415,0.27756,0.27146,0.27451,0.00363,0.00197,0.59482,0.02438,0.24534,0.25096,0.24815,0.32321,0.45658,0.44171,0.44914,0.42742,11.95399,12.4098,-0.30963,Y4d-014,49,1.63333
112.20014,0.22934,0.27063,0.24999,0.00237,0.00121,0.56257,0.0037,0.24928,0.22442,0.23685,0.30523,0.72015,0.36322,0.54168,0.37481,10.07774,-16.44671,-3.94287,Y4d-015,0,0.0
112.53767,0.23166,0.26151,0.24659,0.08029,0.04096,0.56424,0.008,0.25348,0.22796,0.24072,0.30514,0.7256,0.35261,0.53911,0.31076,6.88994,-18.62901,-3.82492,Y4d-015,1,0.03333
111.79908,0.25093,0.26461,0.25777,0.17362,0.09031,0.57631,0.01601,0.25393,0.23109,0.24251,0.31189,0.72687,0.34731,0.53709,0.39356,7.0486,-20.83001,-3.76054,Y4d-015,2,0.06667
110.63635,0.21012,0.21174,0.21093,0.20337,0.10861,0.58973,0.02278,0.26335,0.25014,0.25674,0.31668,0.64913,0.37633,0.51273,0.26678,5.73194,-21.78358,-3.82019,Y4d-015,3,0.1
110.50345,0.07313,0.12605,0.09959,0.20879,0.11176,0.59237,0.02886,0.30928,0.28077,0.29502,0.33649,0.5089,0.48005,0.49447,0.19576,5.11264,-24.01295,-4.04594,Y4d-015,4,0.13333
109.62712,0.06958,0.12767,0.09863,0.22345,0.12058,0.59406,0.03384,0.31886,0.29095,0.3049,0.32949,0.51838,0.48839,0.50339,0.33688,3.35195,-24.4916,-3.68325,Y4d-015,5,0.16667
108.72824,0.1201,0.20348,0.16179,0.20244,0.11581,0.62645,0.03263,0.29695,0.26789,0.28242,0.32635,0.48522,0.51534,0.50028,0.38916,2.63148,-24.67242,-3.74387,Y4d-015,6,0.2
107.63401,0.15569,0.22552,0.1906,0.21865,0.12652,0.63332,0.03029,0.28574,0.26064,0.27319,0.32688,0.44646,0.54048,0.49347,0.35985,2.81004,-25.30526,-3.85846,Y4d-015,7,0.23333
107.1717,0.1707,0.2305,0.2006,0.23142,0.13412,0.63387,0.03861,0.2845,0.2599,0.2722,0.33139,0.43742,0.55224,0.49483,0.3067,4.22515,-26.39224,-4.48305,Y4d-015,8,0.26667
106.93747,0.17612,0.26695,0.22154,0.23862,0.13878,0.63992,0.03657,0.28111,0.24999,0.26555,0.32712,0.41943,0.56756,0.4935,0.26965,3.4943,-27.56688,-4.54516,Y4d-015,9,0.3
106.53507,0.20129,0.27963,0.24046,0.31536,0.17778,0.62485,0.02629,0.28074,0.24865,0.2647,0.33015,0.42012,0.56131,0.49071,0.33423,2.47985,-29.69599,-3.99103,Y4d-015,10,0.33333
106.81755,0.19941,0.29227,0.24584,0.29915,0.16206,0.6003,0.03071,0.27756,0.24874,0.26315,0.32861,0.42877,0.5666,0.49769,0.34737,1.84873,-30.49248,-3.57967,Y4d-015,11,0.36667
107.11114,0.2206,0.28534,0.25297,0.19933,0.09752,0.54691,0.01077,0.26992,0.25426,0.26209,0.332,0.44881,0.57751,0.51316,0.36721,1.88724,-31.66219,-3.80415,Y4d-015,12,0.4
107.18394,0.21655,0.29948,0.25801,0.06123,0.02841,0.51671,0.00129,0.27565,0.25554,0.2656,0.32325,0.43361,0.58733,0.51047,0.38593,1.1659,-31.1812,-3.54198,Y4d-015,13,0.43333
106.68415,0.22461,0.31189,0.26825,0.09107,0.04322,0.5292,-0.0019,0.28515,0.26255,0.27385,0.31959,0.44472,0.57864,0.51168,0.39545,-0.73395,-30.11765,-3.23329,Y4d-015,14,0.46667
105.95416,0.24979,0.30462,0.2772,0.1621,0.08025,0.55285,-0.00725,0.29078,0.26638,0.27858,0.32041,0.44885,0.58214,0.5155,0.42118,-1.05015,-30.11132,-3.41569,Y4d-015,15,0.5
106.1699,0.24282,0.30854,0.27568,0.1952,0.10315,0.59091,-0.01233,0.29063,0.27278,0.28171,0.31933,0.43534,0.58131,0.50832,0.41794,-2.37702,-29.70518,-3.14509,Y4d-015,16,0.53333
105.58425,0.22087,0.33604,0.27846,0.22491,0.1222,0.60389,-0.01738,0.29954,0.26618,0.28286,0.32132,0.42528,0.59163,0.50846,0.42738,-3.81447,-30.40466,-3.0305,Y4d-015,17,0.56667
104.90935,0.21545,0.33589,0.27567,0.2777,0.15463,0.6188,-0.01211,0.29695,0.26375,0.28035,0.32121,0.42576,0.593,0.50938,0.44176,-3.79663,-30.66383,-3.4147,Y4d-015,18,0.6
103.52468,0.22101,0.32862,0.27481,0.30189,0.17056,0.62942,-0.01897,0.29086,0.26676,0.27881,0.32523,0.41693,0.58276,0.49984,0.44101,-4.22857,-31.4666,-3.15955,Y4d-015,19,0.63333
103.85773,0.21076,0.31035,0.26056,0.2821,0.16265,0.64155,-0.01134,0.28436,0.26498,0.27467,0.31641,0.40534,0.57133,0.48834,0.42033,-3.08723,-30.72362,-3.75309,Y4d-015,20,0.66667
104.68496,0.21077,0.29114,0.25096,0.23244,0.12936,0.61918,-0.00455,0.27824,0.25774,0.26799,0.32031,0.41991,0.59494,0.50743,0.37744,-0.27743,-31.03436,-4.72202,Y4d-015,21,0.7
104.786,0.21195,0.27423,0.24309,0.21894,0.12021,0.6071,0.00449,0.27237,0.25967,0.26602,0.31216,0.40902,0.58859,0.49881,0.37781,1.12213,-30.6166,-4.69736,Y4d-015,22,0.73333
105.36729,0.22441,0.28557,0.25499,0.23405,0.12789,0.5989,0.01856,0.27038,0.25432,0.26235,0.31155,0.41009,0.59921,0.50465,0.36588,1.99071,-29.04834,-4.53252,Y4d-015,23,0.76667
104.7267,0.21704,0.31423,0.26564,0.2003,0.11051,0.60564,0.01774,0.27429,0.24755,0.26092,0.30844,0.40309,0.59223,0.49766,0.39542,1.71557,-29.63108,-4.07465,Y4d-015,24,0.8
105.64397,0.22149,0.29989,0.26069,0.19282,0.10479,0.59855,0.00956,0.27131,0.25349,0.2624,0.32253,0.41995,0.58206,0.501,0.36481,0.75757,-29.37183,-4.01252,Y4d-015,25,0.83333
106.12985,0.21962,0.32621,0.27291,0.21384,0.11607,0.59746,0.01405,0.27805,0.24404,0.26105,0.32365,0.40891,0.59586,0.50238,0.38099,1.72667,-29.04176,-4.17871,Y4d-015,26,0.86667
105.99288,0.2344,0.30587,0.27014,0.22681,0.12243,0.5941,0.01584,0.27201,0.25194,0.26197,0.32371,0.41872,0.58894,0.50383,0.40998,1.20731,-27.72355,-4.53064,Y4d-015,27,0.9
106.91282,0.22915,0.29589,0.26252,0.22002,0.11915,0.59867,0.00865,0.27144,0.24642,0.25893,0.32716,0.41752,0.58421,0.50086,0.37634,2.34112,-28.64424,-5.32058,Y4d-015,28,0.93333
107.92587,0.23126,0.2987,0.26498,0.23709,0.12213,0.57595,0.00769,0.27023,0.24493,0.25758,0.33289,0.42976,0.58084,0.5053,0.36013,2.48426,-28.57984,-5.45999,Y4d-015,29,0.96667
107.61478,0.22492,0.30987,0.26739,0.21482,0.11171,0.58091,0.00501,0.26544,0.24036,0.2529,0.32557,0.43092,0.57715,0.50404,0.36418,2.23879,-28.69758,-5.51055,Y4d-015,30,1.0
107.88177,0.22549,0.30437,0.26493,0.21179,0.11017,0.58132,0.00608,0.26206,0.24054,0.2513,0.32827,0.43632,0.57346,0.50489,0.3577,2.88552,-27.72444,-5.8003,Y4d-015,31,1.03333
107.68791,0.23927,0.28994,0.26461,0.17269,0.0897,0.57905,0.00258,0.25863,0.23981,0.24922,0.32419,0.43427,0.55653,0.4954,0.36134,3.98031,-26.78836,-6.48753,Y4d-015,32,1.06667
108.25826,0.25013,0.30512,0.27762,0.16429,0.0862,0.58189,0.01095,0.25394,0.23518,0.24456,0.32661,0.45333,0.56494,0.50914,0.34566,5.34636,-25.2667,-7.1841,Y4d-015,33,1.1
107.84262,0.2537,0.30521,0.27945,0.10895,0.05833,0.58991,0.00397,0.25217,0.23825,0.24521,0.32438,0.44627,0.57383,0.51005,0.34318,6.05325,-24.29471,-8.18568,Y4d-015,34,1.13333
107.89471,0.26604,0.31254,0.28929,0.00469,0.00248,0.57923,0.01368,0.24971,0.2345,0.24211,0.32318,0.45161,0.5736,0.5126,0.31083,7.82437,-22.49542,-9.84548,Y4d-015,35,1.16667
108.03942,0.2677,0.31357,0.29064,0.00542,0.00288,0.58321,0.0065,0.25294,0.23347,0.2432,0.32505,0.45398,0.56516,0.50957,0.29616,7.82262,-22.71366,-11.30041,Y4d-015,36,1.2
108.37073,0.26869,0.30743,0.28806,0.00488,0.00261,0.58639,0.0072,0.24918,0.22962,0.2394,0.32252,0.45345,0.55929,0.50637,0.2999,7.52743,-21.0914,-12.31638,Y4d-015,37,1.23333
108.74428,0.27592,0.31045,0.29319,0.00469,0.00253,0.59118,0.00763,0.24364,0.22587,0.23476,0.31824,0.45159,0.56084,0.50622,0.331,7.25914,-18.74077,-13.14957,Y4d-015,38,1.26667
109.05729,0.26935,0.32342,0.29638,0.00476,0.00254,0.58379,0.00229,0.24745,0.22671,0.23708,0.31945,0.45249,0.56805,0.51027,0.32732,6.48373,-19.1058,-13.18966,Y4d-015,39,1.3
109.08326,0.26509,0.31743,0.29126,0.00568,0.00302,0.58179,-0.00439,0.24749,0.23284,0.24016,0.32493,0.44378,0.55768,0.50073,0.28807,6.34145,-18.88495,-12.7057,Y4d-015,40,1.33333
108.55317,0.26366,0.32121,0.29243,0.00511,0.00277,0.59412,-0.00555,0.2488,0.23126,0.24003,0.32383,0.43846,0.55483,0.49664,0.34101,6.2405,-18.98843,-12.16429,Y4d-015,41,1.36667
108.61146,0.2687,0.31901,0.29386,0.0049,0.00262,0.58669,-0.00709,0.2478,0.23453,0.24117,0.32017,0.44987,0.5581,0.50399,0.34723,6.07302,-18.48324,-11.42446,Y4d-015,42,1.4
137.26783,0.26689,0.32522,0.29606,0.11215,0.0544,0.54079,0.00875,0.27714,0.26847,0.2728,0.31991,0.49334,0.43386,0.4636,0.33634,2.20147,-30.94794,2.55114,Y4d-016,0,0.0
138.41626,0.24705,0.28261,0.26483,0.12667,0.06202,0.5467,0.01105,0.27825,0.28218,0.28022,0.3251,0.42511,0.52813,0.47662,0.3625,1.47343,-30.15167,2.82562,Y4d-016,1,0.03333
139.27684,0.2545,0.29384,0.27417,0.13134,0.06446,0.54787,0.00619,0.26889,0.27232,0.2706,0.3202,0.40955,0.54236,0.47596,0.37526,2.43629,-30.61526,2.24734,Y4d-016,2,0.06667
138.34215,0.25369,0.27484,0.26427,0.20804,0.10113,0.5427,0.01521,0.27551,0.28429,0.2799,0.32847,0.41699,0.5384,0.47769,0.34675,2.15815,-31.46067,2.23422,Y4d-016,3,0.1
139.10519,0.25193,0.27133,0.26163,0.25813,0.1301,0.56047,0.01704,0.27449,0.28278,0.27864,0.32737,0.41314,0.5361,0.47462,0.35469,2.03297,-32.21095,2.52317,Y4d-016,4,0.13333
140.12312,0.25422,0.2919,0.27306,0.27661,0.14012,0.56331,0.01164,0.28129,0.27163,0.27646,0.32386,0.42514,0.54017,0.48265,0.36879,2.75844,-32.21813,2.248,Y4d-016,5,0.16667
141.01654,0.27221,0.25909,0.26565,0.23379,0.11134,0.53218,0.00936,0.26997,0.28284,0.27641,0.32406,0.42393,0.54553,0.48473,0.35624,2.92231,-32.13634,2.70298,Y4d-016,6,0.2
140.68653,0.25619,0.28994,0.27307,0.22683,0.10532,0.5178,0.01907,0.27378,0.27642,0.2751,0.31775,0.42316,0.55877,0.49096,0.38141,2.79635,-32.22228,2.66589,Y4d-016,7,0.23333
140.60386,0.26081,0.297,0.27891,0.11937,0.05644,0.52337,0.01521,0.2719,0.27568,0.27379,0.32192,0.40794,0.56626,0.4871,0.39083,1.54639,-32.02199,2.94853,Y4d-016,8,0.26667
140.08686,0.26013,0.29764,0.27888,0.00633,0.00291,0.50477,0.01657,0.28075,0.27713,0.27894,0.31874,0.39559,0.57967,0.48763,0.39565,1.60673,-32.0059,2.91529,Y4d-016,9,0.3
140.17921,0.23916,0.27843,0.2588,0.0064,0.00292,0.505,0.01721,0.28211,0.28417,0.28314,0.32737,0.40984,0.57123,0.49054,0.36171,0.51723,-31.201,3.10405,Y4d-016,10,0.33333
140.49415,0.25115,0.27103,0.26109,0.0993,0.04481,0.50013,0.00818,0.28455,0.27656,0.28055,0.32381,0.42491,0.57616,0.50054,0.35409,0.35344,-31.39735,2.52265,Y4d-016,11,0.36667
140.45782,0.236,0.25658,0.24629,0.14626,0.06783,0.5166,0.00281,0.28822,0.28281,0.28551,0.332,0.42557,0.57731,0.50144,0.37782,0.05452,-30.69884,2.32452,Y4d-016,12,0.4
141.50348,0.22774,0.23914,0.23344,0.19309,0.09353,0.54206,0.00855,0.28297,0.28112,0.28204,0.33206,0.42871,0.56079,0.49475,0.36434,0.14382,-29.22492,1.98379,Y4d-016,13,0.43333
141.40433,0.22852,0.23642,0.23247,0.22323,0.11545,0.5755,0.01428,0.28199,0.28111,0.28155,0.33156,0.42542,0.55917,0.4923,0.38533,-0.14989,-28.174,1.98768,Y4d-016,14,0.46667
142.29288,0.24293,0.24379,0.24336,0.21372,0.11211,0.58061,0.01408,0.27727,0.28408,0.28068,0.32418,0.42237,0.5602,0.49129,0.39153,-0.62952,-26.95478,1.8497,Y4d-016,15,0.5
141.19892,0.23812,0.26763,0.25287,0.21794,0.1158,0.58537,0.02088,0.27696,0.27864,0.2778,0.31567,0.40629,0.55601,0.48115,0.40899,0.02454,-27.65816,1.88218,Y4d-016,16,0.53333
141.30156,0.23085,0.24037,0.23561,0.19382,0.1035,0.58813,0.01914,0.2799,0.27906,0.27948,0.31883,0.40606,0.55563,0.48084,0.39379,0.11201,-27.63235,1.76215,Y4d-016,17,0.56667
141.47609,0.21985,0.23536,0.22761,0.1873,0.101,0.5925,0.02367,0.28577,0.27714,0.28146,0.32334,0.41511,0.54375,0.47943,0.36299,0.33487,-27.55997,1.66591,Y4d-016,18,0.6
140.64822,0.22543,0.23299,0.22921,0.20028,0.10847,0.59638,0.02726,0.28932,0.28087,0.28509,0.32706,0.51936,0.46553,0.49244,0.38787,1.12701,-27.0951,1.97926,Y4d-016,19,0.63333
140.1294,0.23386,0.25378,0.24382,0.18603,0.10017,0.59345,0.03181,0.28564,0.28028,0.28296,0.31034,0.64367,0.41311,0.52839,0.43188,2.18866,-27.68529,1.77441,Y4d-016,20,0.66667
140.01652,0.24041,0.25588,0.24815,0.19591,0.10279,0.5796,0.03012,0.28222,0.27951,0.28086,0.31114,0.64971,0.40105,0.52538,0.44004,2.59064,-27.73337,1.88699,Y4d-016,21,0.7
140.67853,0.22715,0.26159,0.24437,0.16938,0.0904,0.58801,0.03377,0.28587,0.27757,0.28172,0.31501,0.66143,0.39207,0.52675,0.43613,2.64923,-27.63183,2.08791,Y4d-016,22,0.73333
140.66359,0.24016,0.26001,0.25009,0.19312,0.10168,0.58265,0.0274,0.28505,0.2787,0.28188,0.31479,0.66312,0.39843,0.53077,0.46845,2.74634,-27.77394,2.31182,Y4d-016,23,0.76667
140.80792,0.248,0.25973,0.25386,0.19308,0.10162,0.58282,0.02701,0.28097,0.2779,0.27944,0.31382,0.66205,0.3942,0.52813,0.4597,2.69271,-27.6107,2.45565,Y4d-016,24,0.8
140.19573,0.19399,0.16831,0.18115,0.0028,0.00159,0.6244,-0.0642,0.23833,0.25696,0.24764,0.31385,0.46354,0.55584,0.50969,0.37898,-6.66458,0.79407,-3.71776,Y4d-017,0,0.0
140.34931,0.15018,0.21517,0.18268,0.00228,0.0013,0.62694,-0.05449,0.25406,0.25218,0.25312,0.31751,0.43765,0.60491,0.52128,0.42986,-6.0225,-4.32226,-2.72765,Y4d-017,1,0.03333
139.5362,0.15203,0.18404,0.16804,0.00198,0.00116,0.64227,-0.05373,0.25496,0.26143,0.25819,0.31875,0.45524,0.53651,0.49588,0.42325,-5.30169,-4.54798,-2.28041,Y4d-017,2,0.06667
137.91778,0.15357,0.15356,0.15356,0.1123,0.06853,0.67178,-0.05057,0.26066,0.27001,0.26533,0.31044,0.46446,0.52281,0.49363,0.43898,-4.72343,-4.97574,-2.59521,Y4d-017,3,0.1
140.1886,0.1209,0.17794,0.14942,0.16088,0.0945,0.65323,-0.04296,0.25616,0.25177,0.25396,0.31781,0.4594,0.53179,0.49559,0.63797,-5.12058,-1.34204,-3.39542,Y4d-017,4,0.13333
139.32001,0.16428,0.11745,0.14087,0.21466,0.13221,0.68767,-0.03462,0.2273,0.26275,0.24502,0.31299,0.5194,0.51933,0.51937,0.16678,-5.08956,1.53653,-5.12214,Y4d-017,5,0.16667
146.4872,0.1167,0.17338,0.14504,0.29222,0.1732,0.65491,-0.02109,0.21957,0.21297,0.21627,0.31957,0.50293,0.4309,0.46692,-1.38538,-4.2331,9.70497,-7.33161,Y4d-017,6,0.2
147.24126,0.13714,0.15795,0.14755,0.35873,0.21047,0.64558,-0.00581,0.22589,0.24219,0.23404,0.33166,0.57047,0.53152,0.551,-0.05651,-5.66836,4.14168,-7.56562,Y4d-017,7,0.23333
145.70798,0.16822,0.09261,0.13042,0.20346,0.11664,0.63759,-0.02986,0.23253,0.24786,0.24019,0.31634,0.56805,0.49239,0.53022,0.42782,-5.90829,5.55783,-7.92752,Y4d-017,8,0.26667
146.41152,0.19621,0.14125,0.16873,0.02584,0.01417,0.60477,-0.03305,0.24731,0.27988,0.2636,0.31068,0.52967,0.50229,0.51598,0.48244,-5.94543,4.4602,-5.56017,Y4d-017,9,0.3
145.62306,0.17465,0.09593,0.13529,0.00102,0.00058,0.61914,-0.06146,0.24018,0.29684,0.26851,0.30995,0.51792,0.47479,0.49636,0.39423,-7.33594,-0.28045,-3.12531,Y4d-017,10,0.33333
143.48125,0.11649,0.18589,0.15119,0.00266,0.00152,0.62533,-0.07514,0.23923,0.25881,0.24902,0.31531,0.50602,0.43128,0.46865,0.84557,-5.40914,-2.04757,-0.33275,Y4d-017,11,0.36667
143.69693,0.17373,0.15683,0.16528,0.00176,0.001,0.6188,-0.06579,0.23298,0.24363,0.23831,0.3251,0.51668,0.51945,0.51806,0.79145,-5.51178,2.3494,0.96311,Y4d-017,12,0.4
141.65643,0.10616,0.14198,0.12407,0.0495,0.02651,0.59961,-0.06115,0.264,0.25931,0.26165,0.29618,0.5104,0.50283,0.50661,0.91517,-4.04469,3.72068,2.93395,Y4d-017,13,0.43333
144.72383,0.09154,0.14913,0.12033,0.11212,0.05645,0.5718,-0.04745,0.2635,0.26398,0.26374,0.30857,0.55377,0.53963,0.5467,0.62025,-5.08278,-1.44297,4.99463,Y4d-017,14,0.46667
147.69454,0.08369,0.11379,0.09874,0.11759,0.0579,0.55943,-0.04902,0.276,0.26684,0.27142,0.31017,0.57324,0.58306,0.57815,0.9103,-6.89217,-3.15869,6.27816,Y4d-017,15,0.5
149.52553,0.07231,0.12172,0.09702,0.08942,0.04281,0.54571,-0.0456,0.265,0.25931,0.26216,0.30186,0.62114,0.46785,0.5445,1.05108,-6.17646,-6.40134,6.64835,Y4d-017,16,0.53333
144.97151,0.0958,0.11577,0.10578,0.06449,0.03246,0.56594,-0.04551,0.26038,0.26996,0.26517,0.30813,0.51571,0.56188,0.5388,0.56439,-6.02291,-13.43413,6.63826,Y4d-017,17,0.56667
147.36096,0.1088,0.0752,0.092,0.05671,0.02948,0.58162,-0.04094,0.2561,0.26033,0.25822,0.32235,0.48557,0.57486,0.53022,0.55599,-6.9321,-12.23224,5.16753,Y4d-017,18,0.6
145.3687,0.09935,0.1251,0.11222,0.09423,0.0503,0.59601,-0.04272,0.26538,0.25014,0.25776,0.31104,0.49749,0.50037,0.49893,0.43021,-5.78132,-14.835,3.61691,Y4d-017,19,0.63333
140.886,0.11574,0.13768,0.12671,0.10492,0.06031,0.63768,-0.04409,0.26371,0.26182,0.26277,0.33167,0.46868,0.57627,0.52247,0.44691,-5.76226,-18.01667,2.23393,Y4d-017,20,0.66667
142.13382,0.1014,0.16431,0.13285,0.11311,0.06633,0.64878,-0.05025,0.26532,0.25577,0.26054,0.33843,0.43705,0.59876,0.51791,0.32639,-5.28107,-19.8142,-0.03381,Y4d-017,21,0.7
139.30908,0.1551,0.18851,0.17181,0.12445,0.07682,0.68126,-0.04283,0.25656,0.25995,0.25825,0.35893,0.41007,0.50968,0.45987,0.28931,-4.6067,-18.32572,-1.54469,Y4d-017,22,0.73333
137.90193,0.20195,0.18888,0.19542,0.14915,0.09506,0.70468,-0.03481,0.2456,0.26253,0.25407,0.32907,0.42576,0.54264,0.4842,0.16654,-3.24135,-17.92222,-3.11177,Y4d-017,23,0.76667
139.77148,0.21629,0.22239,0.21934,0.12953,0.08135,0.69546,-0.03937,0.23813,0.25877,0.24845,0.33326,0.42087,0.56166,0.49126,0.26008,-3.89116,-18.4554,-3.45022,Y4d-017,24,0.8
140.07831,0.20271,0.21692,0.20982,0.12648,0.0816,0.71148,-0.03415,0.23235,0.25113,0.24174,0.33276,0.41906,0.56702,0.49304,0.31408,-4.43223,-18.07283,-2.92625,Y4d-017,25,0.83333
139.40826,0.19507,0.21232,0.20369,0.1287,0.0839,0.71869,-0.04281,0.23527,0.24983,0.24255,0.32243,0.42824,0.51332,0.47078,0.22538,-3.78421,-18.68706,-2.69071,Y4d-017,26,0.86667
138.05426,0.21782,0.21849,0.21815,0.12825,0.08373,0.72069,-0.0399,0.23666,0.24563,0.24114,0.32397,0.41735,0.5423,0.47983,0.25718,-2.65604,-19.37564,-2.47271,Y4d-017,27,0.9
138.45636,0.19953,0.20894,0.20423,0.11524,0.07456,0.7143,-0.03713,0.24154,0.24771,0.24463,0.32128,0.42864,0.56329,0.49596,0.25163,-2.72055,-18.87595,-2.47674,Y4d-017,28,0.93333
128.95015,0.28603,0.25748,0.27175,0.29125,0.16749,0.63456,-0.04404,0.23727,0.16819,0.20273,0.36374,0.45436,0.49187,0.47312,0.52155,-13.93891,-17.18626,0.35723,Y4d-018,0,0.0
130.47678,0.28208,0.27571,0.27889,0.28789,0.16625,0.63982,-0.02718,0.32666,0.33223,0.32945,0.35304,0.44165,0.51307,0.47736,0.51921,-10.11323,-17.84347,-0.62246,Y4d-018,1,0.03333
130.68647,0.23185,0.29156,0.2617,0.22669,0.13272,0.64345,0.00716,0.34829,0.35201,0.35015,0.34593,0.45237,0.50229,0.47733,0.51691,-8.36045,-16.38834,0.10018,Y4d-018,2,0.06667
130.17522,0.1738,0.20839,0.1911,0.1995,0.11109,0.61243,0.02008,0.37553,0.39615,0.38584,0.32984,0.4138,0.51486,0.46433,0.41896,-5.9398,-16.34451,1.43522,Y4d-018,3,0.1
136.68492,0.03062,0.04784,0.03923,0.19382,0.09766,0.55604,0.01952,0.4253,0.43556,0.43043,0.31657,0.55994,0.43856,0.49925,1.89527,-3.26785,-9.65601,2.47687,Y4d-018,4,0.13333
135.26082,0.03267,0.05043,0.04155,0.11371,0.05885,0.56738,0.04812,0.43299,0.44651,0.43975,0.31887,0.58664,0.46432,0.52548,0.13051,-0.25496,-3.65993,3.75597,Y4d-018,5,0.16667
138.55101,0.04905,0.05677,0.05291,0.07369,0.03582,0.53073,0.04665,0.42555,0.43039,0.42797,0.31919,0.57457,0.48113,0.52785,1.19461,1.46705,-6.06065,5.59601,Y4d-018,6,0.2
136.45513,0.07749,0.08537,0.08143,0.05264,0.02544,0.52821,0.04527,0.3895,0.41864,0.40407,0.33346,0.46909,0.46998,0.46954,0.57521,1.91379,-7.95892,6.07361,Y4d-018,7,0.23333
133.83508,0.21878,0.22865,0.22371,0.02101,0.01063,0.55342,0.0503,0.35251,0.37673,0.36462,0.34332,0.45151,0.4613,0.45641,0.45955,4.20433,-8.10509,6.53383,Y4d-018,8,0.26667
133.56181,0.27771,0.28372,0.28071,0.11102,0.05883,0.58197,0.04425,0.3224,0.35327,0.33784,0.35108,0.4701,0.47489,0.47249,0.45985,1.10049,-4.19022,5.96033,Y4d-018,9,0.3
132.9281,0.25617,0.27508,0.26563,0.14637,0.07628,0.57321,0.03537,0.29586,0.34014,0.318,0.33358,0.47518,0.47608,0.47563,0.47455,-0.48146,-6.53233,4.82377,Y4d-018,10,0.33333
132.4102,0.24323,0.28398,0.2636,0.15594,0.0844,0.59747,0.03218,0.28707,0.33759,0.31233,0.34106,0.45101,0.47909,0.46505,0.51275,-4.50716,-9.82512,3.39955,Y4d-018,11,0.36667
128.54691,0.22215,0.23059,0.22637,0.22914,0.12004,0.58175,0.02683,0.30403,0.34684,0.32543,0.33938,0.4497,0.46864,0.45917,0.42123,-6.64273,-11.73477,2.2214,Y4d-018,12,0.4
127.97067,0.20196,0.19922,0.20059,0.14349,0.07778,0.60182,0.02126,0.31801,0.34391,0.33096,0.33954,0.43599,0.48017,0.45808,0.46045,-8.61341,-11.03856,1.33392,Y4d-018,13,0.43333
128.75922,0.21395,0.2408,0.22738,0.17926,0.09841,0.61098,0.00141,0.31212,0.33931,0.32572,0.34028,0.45185,0.4703,0.46108,0.51027,-10.55527,-9.07745,0.15316,Y4d-018,14,0.46667
128.36059,0.20736,0.2636,0.23548,0.13489,0.07112,0.59272,-0.01405,0.31506,0.33296,0.32401,0.33326,0.45352,0.48286,0.46819,0.51095,-9.91902,-10.58957,-0.5666,Y4d-018,15,0.5
128.87605,0.20586,0.23685,0.22136,0.11354,0.06399,0.6265,-0.00274,0.30399,0.32668,0.31534,0.32857,0.43245,0.49361,0.46303,0.47351,-8.92157,-12.6355,-0.51744,Y4d-018,16,0.53333
130.3656,0.2213,0.24057,0.23094,0.10155,0.05723,0.62768,-0.00999,0.29631,0.32248,0.3094,0.32724,0.43553,0.49425,0.46489,0.47605,-9.54849,-13.65076,-0.73457,Y4d-018,17,0.56667
130.01513,0.22675,0.25969,0.24322,0.11992,0.06914,0.6391,-0.00064,0.29389,0.31901,0.30645,0.32236,0.44105,0.49696,0.469,0.47536,-8.02815,-12.67557,-1.15506,Y4d-018,18,0.6
129.95385,0.21199,0.24866,0.23032,0.09518,0.05426,0.63298,0.00107,0.28756,0.31717,0.30236,0.3248,0.43482,0.49343,0.46413,0.46917,-7.80738,-12.95223,-1.18685,Y4d-018,19,0.63333
129.97064,0.2116,0.25803,0.23481,0.09483,0.05437,0.63775,-0.00099,0.28862,0.31257,0.3006,0.32417,0.43657,0.49025,0.46341,0.45248,-7.61023,-13.93515,-1.45466,Y4d-018,20,0.66667
130.59349,0.22463,0.25465,0.23964,0.12449,0.07204,0.64063,0.00409,0.28216,0.31116,0.29666,0.31926,0.44029,0.49379,0.46704,0.48334,-5.99763,-14.13996,-1.65395,Y4d-018,21,0.7
126.22559,0.33849,0.29288,0.31568,0.14064,0.07704,0.6079,0.01714,0.22152,0.2535,0.23751,0.30549,0.70816,0.38988,0.54902,0.44913,10.37278,-12.48942,1.69232,Y4d-019,0,0.0
125.28925,0.34282,0.29997,0.32139,0.13609,0.07562,0.61245,0.01539,0.22698,0.25704,0.24201,0.31431,0.67176,0.39674,0.53425,0.48363,9.1233,-15.73629,1.49511,Y4d-019,1,0.03333
124.09246,0.31405,0.32309,0.31857,0.15428,0.08747,0.62407,0.00971,0.24422,0.26393,0.25407,0.31921,0.64805,0.4045,0.52627,0.47969,7.97184,-20.58532,1.04085,Y4d-019,2,0.06667
123.70556,0.30058,0.32882,0.3147,0.16814,0.09348,0.61185,0.01383,0.25106,0.27783,0.26444,0.31608,0.63087,0.40959,0.52023,0.45211,7.5488,-22.61833,0.42646,Y4d-019,3,0.1
122.02944,0.26124,0.32914,0.29519,0.15633,0.0897,0.63313,0.00424,0.28212,0.31979,0.30096,0.32947,0.51565,0.46314,0.4894,0.50281,5.35415,-24.5655,-0.43114,Y4d-019,4,0.13333
120.30792,0.24731,0.29379,0.27055,0.14308,0.07948,0.60812,0.00692,0.30376,0.34791,0.32584,0.33473,0.48321,0.49311,0.48816,0.51279,2.3131,-26.03538,-1.0877,Y4d-019,5,0.16667
120.34558,0.2379,0.26265,0.25027,0.14325,0.07934,0.60999,0.00777,0.30901,0.35778,0.33339,0.33233,0.47005,0.50335,0.4867,0.46375,2.23332,-26.12188,-2.65081,Y4d-019,6,0.2
118.48013,0.24763,0.28235,0.26499,0.09305,0.0476,0.56512,0.00165,0.32022,0.36431,0.34226,0.34078,0.4632,0.51289,0.48804,0.37401,3.17011,-28.37641,-3.37168,Y4d-019,7,0.23333
118.68355,0.231,0.25596,0.24348,0.10817,0.05467,0.56015,0.00799,0.31827,0.36404,0.34115,0.33957,0.46182,0.54703,0.50443,0.36806,5.9629,-28.27194,-4.05004,Y4d-019,8,0.26667
120.41584,0.21387,0.23832,0.22609,0.06026,0.02979,0.54796,0.01512,0.30359,0.3482,0.3259,0.33738,0.45888,0.55315,0.50602,0.37472,8.36123,-28.28526,-3.65729,Y4d-019,9,0.3
118.92308,0.1966,0.23834,0.21747,0.12447,0.06515,0.58043,0.02604,0.30308,0.36501,0.33404,0.35346,0.46403,0.55616,0.5101,0.40869,9.55303,-28.44735,-2.95468,Y4d-019,10,0.33333
120.96419,0.21283,0.25153,0.23218,0.13497,0.07248,0.59263,0.0264,0.28598,0.34637,0.31617,0.35026,0.47714,0.56066,0.5189,0.38301,9.86662,-26.97744,-2.33176,Y4d-019,11,0.36667
122.37468,0.19554,0.2423,0.21892,0.13984,0.07511,0.59311,0.02478,0.27634,0.32338,0.29986,0.3507,0.46001,0.54892,0.50446,0.41215,9.88218,-27.04053,-2.37317,Y4d-019,12,0.4
121.77766,0.2012,0.24143,0.22131,0.16166,0.09269,0.62851,0.03905,0.28629,0.32251,0.3044,0.34032,0.49134,0.5401,0.51572,0.37561,10.74004,-25.39846,-2.94459,Y4d-019,13,0.43333
121.21906,0.19405,0.25304,0.22355,0.15325,0.09045,0.64685,0.03825,0.28801,0.32049,0.30425,0.34536,0.49708,0.50718,0.50213,0.38279,10.68354,-25.3714,-3.56304,Y4d-019,14,0.46667
121.5449,0.1929,0.23939,0.21614,0.13472,0.07935,0.64643,0.0487,0.28433,0.32023,0.30228,0.3453,0.49599,0.50569,0.50084,0.38037,10.82807,-25.48916,-3.89034,Y4d-019,15,0.5
122.49296,0.18843,0.23199,0.21021,0.14042,0.08195,0.64302,0.04993,0.28444,0.31835,0.30139,0.34658,0.48962,0.49061,0.49012,0.36238,11.52869,-25.82515,-3.7482,Y4d-019,16,0.53333
122.71241,0.18654,0.22968,0.20811,0.17028,0.10054,0.64987,0.04807,0.28266,0.31616,0.29941,0.34509,0.49346,0.50412,0.49879,0.36128,11.31322,-26.65282,-3.31155,Y4d-019,17,0.56667
123.21336,0.18694,0.22253,0.20473,0.17799,0.10406,0.6424,0.04842,0.2762,0.30786,0.29203,0.33581,0.49948,0.52078,0.51013,0.36937,11.48805,-27.4116,-3.04074,Y4d-019,18,0.6
123.91663,0.17782,0.21671,0.19727,0.17814,0.10403,0.6408,0.05145,0.2763,0.3109,0.2936,0.34004,0.49244,0.50384,0.49814,0.37603,11.50016,-26.87184,-2.92387,Y4d-019,19,0.63333
123.88755,0.19142,0.22193,0.20667,0.16558,0.09709,0.64413,0.04956,0.27482,0.30456,0.28969,0.33713,0.49238,0.50888,0.50063,0.39997,12.18299,-26.61892,-3.10514,Y4d-019,20,0.66667
123.90945,0.16585,0.24102,0.20343,0.14541,0.08512,0.64226,0.05382,0.28364,0.30753,0.29558,0.34031,0.49899,0.46431,0.48165,0.43033,12.36783,-26.19754,-3.26081,Y4d-019,21,0.7
123.90346,0.17913,0.23731,0.20822,0.12972,0.07679,0.64975,0.05222,0.27922,0.3095,0.29436,0.33913,0.50168,0.48119,0.49143,0.41453,12.42278,-25.38538,-3.62518,Y4d-019,22,0.73333
124.10187,0.17011,0.23249,0.2013,0.12234,0.07369,0.65857,0.05368,0.27915,0.31074,0.29494,0.33926,0.5025,0.47789,0.4902,0.40823,13.15782,-24.52107,-3.44795,Y4d-019,23,0.76667
123.83877,0.16246,0.23807,0.20027,0.12786,0.07699,0.65839,0.05626,0.27657,0.31107,0.29382,0.3407,0.50967,0.47315,0.49141,0.42337,13.34426,-24.10664,-3.54465,Y4d-019,24,0.8
124.01448,0.16564,0.21658,0.19111,0.12053,0.07403,0.66999,0.05949,0.27668,0.31251,0.2946,0.33802,0.51131,0.46794,0.48963,0.40321,14.17626,-23.24503,-3.56608,Y4d-019,25,0.83333
123.68348,0.16936,0.22911,0.19924,0.11819,0.07289,0.67285,0.05602,0.27984,0.30768,0.29376,0.33988,0.50813,0.47164,0.48988,0.42701,13.57704,-23.24161,-3.32502,Y4d-019,26,0.86667
124.14711,0.16488,0.20938,0.18713,0.11876,0.07223,0.66408,0.05239,0.27889,0.31062,0.29476,0.33863,0.51681,0.47977,0.49829,0.4267,14.04259,-22.96579,-2.90411,Y4d-019,27,0.9
108.05049,0.28971,0.30701,0.29836,0.00425,0.00223,0.58026,0.00168,0.20343,0.20288,0.20316,0.33582,0.44637,0.46015,0.45326,0.37622,5.80418,-10.00163,-2.09332,Y4d-020,0,0.0
109.65948,0.27763,0.29921,0.28842,0.00283,0.00147,0.57246,0.00524,0.19929,0.20562,0.20245,0.33164,0.44839,0.48157,0.46498,0.39755,7.09472,-9.1216,-2.1124,Y4d-020,1,0.03333
109.88147,0.26186,0.29839,0.28013,0.00454,0.00236,0.57431,0.00043,0.21918,0.20995,0.21456,0.33304,0.44725,0.45865,0.45295,0.38322,7.47357,-10.9639,-2.24904,Y4d-020,2,0.06667
109.61556,0.27136,0.29476,0.28306,0.00446,0.00231,0.57119,-0.00183,0.21688,0.21088,0.21388,0.32955,0.45024,0.46079,0.45551,0.37913,7.17233,-11.34751,-2.22923,Y4d-020,3,0.1
110.23248,0.27497,0.30073,0.28785,0.00362,0.00188,0.57321,-0.00288,0.21114,0.20774,0.20944,0.32681,0.44039,0.47344,0.45691,0.38091,7.30605,-11.6664,-2.26948,Y4d-020,4,0.13333
110.15573,0.27526,0.30096,0.28811,0.00357,0.00186,0.57477,-0.00231,0.20527,0.21151,0.20839,0.32427,0.44577,0.46221,0.45399,0.40392,7.83124,-12.75251,-2.52425,Y4d-020,5,0.16667
109.47264,0.27047,0.30616,0.28832,0.00381,0.00202,0.58518,-0.00393,0.21286,0.20981,0.21133,0.32627,0.43579,0.46593,0.45086,0.37944,7.17857,-11.66934,-2.39255,Y4d-020,6,0.2
109.39005,0.27071,0.29876,0.28473,0.03952,0.02066,0.57724,-0.00725,0.21554,0.20799,0.21176,0.32388,0.43523,0.45391,0.44457,0.38708,6.73904,-11.86707,-2.36111,Y4d-020,7,0.23333
110.40283,0.26941,0.30694,0.28817,0.0936,0.04818,0.5718,-0.00288,0.2157,0.20865,0.21218,0.32822,0.43729,0.46791,0.4526,0.38848,6.78113,-10.55091,-2.45304,Y4d-020,8,0.26667
111.52062,0.27221,0.31229,0.29225,0.12342,0.06301,0.57017,-0.00497,0.21334,0.20599,0.20966,0.33619,0.44745,0.46447,0.45596,0.39946,5.43504,-8.77422,-2.27846,Y4d-020,9,0.3
110.62679,0.2533,0.3266,0.28995,0.19828,0.10363,0.58328,-0.00329,0.2243,0.22388,0.22409,0.32559,0.44018,0.45382,0.447,0.4345,4.85969,-13.73623,-2.50854,Y4d-020,10,0.33333
110.85944,0.26789,0.29017,0.27903,0.23491,0.12861,0.60992,-0.00923,0.23309,0.24245,0.23777,0.32583,0.43409,0.44847,0.44128,0.42102,3.72435,-14.34338,-2.60558,Y4d-020,11,0.36667
109.78884,0.28591,0.29409,0.29,0.27046,0.15455,0.6316,0.00626,0.2431,0.2475,0.2453,0.32886,0.44383,0.47096,0.45739,0.46156,1.77523,-13.52915,-2.41501,Y4d-020,12,0.4
109.30942,0.26194,0.27561,0.26877,0.25317,0.14821,0.648,0.00786,0.24452,0.25372,0.24912,0.32741,0.43457,0.45819,0.44638,0.5193,2.55944,-9.93874,-2.52476,Y4d-020,13,0.43333
108.72672,0.24294,0.279,0.26097,0.24277,0.14583,0.66203,0.006,0.24635,0.26623,0.25629,0.34736,0.43744,0.44791,0.44268,0.47357,1.11476,-10.45283,-3.12826,Y4d-020,14,0.46667
108.50513,0.24423,0.2718,0.25802,0.21473,0.126,0.64893,0.00713,0.24198,0.25522,0.2486,0.34292,0.43227,0.43811,0.43519,0.4081,2.15714,-9.68203,-3.12245,Y4d-020,15,0.5
112.23276,0.22912,0.25122,0.24017,0.2025,0.11008,0.60348,0.00816,0.22609,0.23505,0.23057,0.34377,0.4581,0.44691,0.4525,0.40182,2.71854,-6.11241,-3.26856,Y4d-020,16,0.53333
111.55546,0.23894,0.24797,0.24345,0.18075,0.09586,0.5902,0.01069,0.22241,0.22232,0.22237,0.33993,0.45202,0.43511,0.44357,0.40369,4.33054,-4.93411,-3.30184,Y4d-020,17,0.56667
111.39,0.23401,0.23718,0.2356,0.15728,0.08152,0.57946,0.00364,0.227,0.22343,0.22521,0.34192,0.4193,0.44619,0.43274,0.39821,5.11739,-4.73569,-3.07143,Y4d-020,18,0.6
110.5379,0.24069,0.25191,0.2463,0.1344,0.07173,0.59511,0.0093,0.22021,0.21951,0.21986,0.32902,0.43375,0.45241,0.44308,0.37992,6.02111,-7.00745,-3.25314,Y4d-020,19,0.63333
110.45419,0.25672,0.26812,0.26242,0.11514,0.06054,0.5865,0.01141,0.21742,0.21483,0.21613,0.34105,0.44174,0.45521,0.44848,0.3606,6.9883,-7.16004,-3.32847,Y4d-020,20,0.66667
111.63028,0.25231,0.2742,0.26326,0.11651,0.06297,0.60158,0.01215,0.22194,0.20611,0.21402,0.34596,0.44968,0.45436,0.45202,0.37228,7.75077,-5.15425,-3.11623,Y4d-020,21,0.7
111.40979,0.2435,0.25829,0.2509,0.11213,0.06039,0.59927,0.01576,0.20898,0.20689,0.20794,0.34237,0.44333,0.45449,0.44891,0.37491,8.11328,-4.21917,-2.94103,Y4d-020,22,0.73333
112.12247,0.2449,0.28447,0.26468,0.12984,0.06821,0.58552,0.01677,0.20663,0.19909,0.20286,0.34404,0.45174,0.45592,0.45383,0.38745,8.73513,-5.41696,-2.91108,Y4d-020,23,0.76667
112.03058,0.23723,0.26106,0.24915,0.12891,0.06923,0.59815,0.01838,0.20829,0.20134,0.20481,0.34181,0.44173,0.4578,0.44976,0.37745,9.48843,-4.83386,-2.92895,Y4d-020,24,0.8
112.24976,0.2333,0.26912,0.25121,0.13765,0.07348,0.59475,0.01842,0.20853,0.19721,0.20287,0.34197,0.44806,0.45609,0.45207,0.37289,10.15014,-4.11871,-2.88395,Y4d-020,25,0.83333
111.35579,0.23455,0.26362,0.24909,0.14991,0.08101,0.60125,0.01892,0.21536,0.20053,0.20794,0.35231,0.46098,0.43784,0.44941,0.39273,9.66983,-5.26277,-2.96692,Y4d-020,26,0.86667
111.3658,0.24244,0.2719,0.25717,0.15557,0.08525,0.60832,0.02347,0.21186,0.19671,0.20429,0.34832,0.45773,0.4413,0.44952,0.40821,10.38188,-4.4567,-2.73556,Y4d-020,27,0.9
111.68527,0.24311,0.27031,0.25671,0.16468,0.09384,0.62846,0.03208,0.2062,0.197,0.2016,0.34686,0.45907,0.44255,0.45081,0.40472,10.74051,-4.18361,-2.93774,Y4d-020,28,0.93333
111.48409,0.24146,0.26237,0.25192,0.16783,0.09638,0.63304,0.03459,0.20849,0.19666,0.20258,0.34795,0.45223,0.44043,0.44633,0.37749,10.77996,-3.3979,-3.02298,Y4d-020,29,0.96667
111.11809,0.24383,0.26621,0.25502,0.16365,0.09522,0.64128,0.03736,0.20952,0.19751,0.20351,0.34556,0.45094,0.43702,0.44398,0.37806,11.0042,-3.01624,-3.09166,Y4d-020,30,1.0
111.13143,0.24512,0.27306,0.25909,0.16186,0.09515,0.64862,0.03443,0.20947,0.19359,0.20153,0.3463,0.45451,0.43785,0.44618,0.39108,10.40086,-3.11046,-3.39513,Y4d-020,31,1.03333
111.60483,0.24611,0.27162,0.25887,0.16744,0.09773,0.64347,0.03661,0.21728,0.19292,0.2051,0.34969,0.50733,0.41378,0.46055,0.32961,10.60047,-4.0394,-3.46096,Y4d-020,32,1.06667
111.14131,0.28693,0.27729,0.28211,0.16785,0.0982,0.6444,0.03496,0.21237,0.19579,0.20408,0.35172,0.57855,0.37488,0.47672,0.39494,10.3828,-1.90646,-2.75931,Y4d-020,33,1.1
111.32842,0.28547,0.28433,0.2849,0.16765,0.09714,0.63965,0.02911,0.21306,0.19705,0.20505,0.34987,0.57381,0.36193,0.46787,0.37705,10.21393,-1.70003,-2.76168,Y4d-020,34,1.13333
136.10796,0.21657,0.26609,0.24133,0.09823,0.05048,0.56959,-0.01866,0.23648,0.20971,0.2231,0.33666,0.49221,0.39147,0.44184,0.25949,4.6414,-20.93786,-1.45728,Y4d-021,0,0.0
134.33997,0.23576,0.26208,0.24892,0.11377,0.05938,0.57795,-0.01641,0.23216,0.2169,0.22453,0.34552,0.46735,0.36502,0.41618,0.30775,2.88284,-22.43304,-0.84084,Y4d-021,1,0.03333
134.79054,0.22713,0.26661,0.24687,0.1162,0.06011,0.57342,-0.01449,0.23227,0.21812,0.22519,0.36072,0.48996,0.35575,0.42285,0.29527,2.33975,-24.68386,-0.93681,Y4d-021,2,0.06667
131.6849,0.23296,0.27387,0.25342,0.16246,0.08249,0.56389,-0.00791,0.23094,0.22283,0.22688,0.35865,0.47536,0.34442,0.40989,0.31733,3.54331,-27.96942,-0.68058,Y4d-021,3,0.1
131.30696,0.25634,0.28553,0.27093,0.26892,0.13522,0.56192,-0.00826,0.23083,0.2256,0.22822,0.35698,0.45895,0.35033,0.40464,0.31772,3.33743,-30.94098,-0.46659,Y4d-021,4,0.13333
130.71757,0.23219,0.31938,0.27579,0.22655,0.11152,0.55059,0.00171,0.24235,0.22206,0.23221,0.3663,0.46267,0.3293,0.39598,0.27893,3.82436,-32.03214,-0.54245,Y4d-021,5,0.16667
130.85147,0.22879,0.29631,0.26255,0.1916,0.09409,0.54875,-0.00598,0.23639,0.21799,0.22719,0.36021,0.47954,0.36291,0.42123,0.34704,4.19516,-31.85222,-0.29874,Y4d-021,6,0.2
131.1621,0.22083,0.31657,0.2687,0.00344,0.00171,0.54692,-0.01137,0.23582,0.21535,0.22558,0.35507,0.48859,0.37156,0.43007,0.32116,4.18135,-31.08553,-0.05375,Y4d-021,7,0.23333
130.25067,0.22127,0.30377,0.26252,0.00147,0.00076,0.56473,-0.01232,0.23662,0.21947,0.22804,0.35519,0.48193,0.37283,0.42738,0.32971,4.46322,-30.56113,0.53274,Y4d-021,8,0.26667
130.08024,0.22931,0.30946,0.26938,0.00271,0.00137,0.55308,-0.01057,0.2349,0.22037,0.22763,0.34905,0.48354,0.38834,0.43594,0.33235,4.40905,-31.37995,0.88107,Y4d-021,9,0.3
129.43132,0.2194,0.27476,0.24708,0.01121,0.00558,0.54979,-0.00508,0.24283,0.22673,0.23478,0.34505,0.48382,0.38157,0.4327,0.30033,4.4163,-32.91951,1.26376,Y4d-021,10,0.33333
130.73669,0.09916,0.06747,0.08332,0.07567,0.03809,0.55772,0.00416,0.29694,0.27447,0.2857,0.34723,0.53424,0.41196,0.4731,0.64594,2.89985,-31.51373,1.74337,Y4d-021,11,0.36667
131.36657,0.07289,0.06303,0.06796,0.1016,0.05085,0.55569,-0.00082,0.3104,0.29677,0.30358,0.34876,0.58523,0.42381,0.50452,0.9745,1.87195,-30.97973,2.31809,Y4d-021,12,0.4
130.94819,0.11232,0.10623,0.10928,0.10311,0.05204,0.56015,-0.00723,0.29845,0.27175,0.2851,0.35308,0.55163,0.40463,0.47813,0.38775,1.71967,-30.24047,2.55753,Y4d-021,13,0.43333
131.17183,0.16195,0.19316,0.17756,0.08853,0.04544,0.56834,-0.00839,0.27154,0.24697,0.25926,0.35735,0.50184,0.38068,0.44126,0.31966,3.93755,-29.57465,1.93931,Y4d-021,14,0.46667
129.67074,0.19891,0.20241,0.20066,0.07817,0.04135,0.58605,-0.00505,0.25808,0.23715,0.24762,0.35744,0.48914,0.36058,0.42486,0.29044,4.93455,-29.59655,1.54383,Y4d-021,15,0.5
130.48642,0.21618,0.24643,0.2313,0.06911,0.0366,0.58554,-0.00779,0.24996,0.23179,0.24087,0.35952,0.4754,0.35712,0.41626,0.3236,5.81671,-29.16935,1.49864,Y4d-021,16,0.53333
131.22078,0.21799,0.25586,0.23693,0.07247,0.03836,0.58502,-0.00877,0.24478,0.21967,0.23222,0.35075,0.47381,0.37278,0.42329,0.34239,5.9923,-28.71393,1.38679,Y4d-021,17,0.56667
131.48991,0.2212,0.2524,0.2368,0.0653,0.0337,0.57051,-0.00986,0.24267,0.22387,0.23327,0.35391,0.48513,0.37168,0.4284,0.34355,5.63507,-29.16475,1.32527,Y4d-021,18,0.6
130.98355,0.22547,0.276,0.25073,0.07221,0.03803,0.58064,-0.00887,0.23754,0.22548,0.23151,0.35184,0.47321,0.35573,0.41447,0.34662,5.5221,-28.61306,1.27949,Y4d-021,19,0.63333
132.23,0.22908,0.27342,0.25125,0.07594,0.03983,0.57867,-0.00852,0.23468,0.22191,0.2283,0.35387,0.48074,0.37155,0.42615,0.34614,5.3795,-28.00872,0.98529,Y4d-021,20,0.66667
132.64304,0.23286,0.30477,0.26882,0.01982,0.01033,0.57268,-0.00566,0.23398,0.21816,0.22607,0.35758,0.48448,0.35935,0.42191,0.37731,5.21118,-27.43335,1.06767,Y4d-021,21,0.7
133.85509,0.23193,0.30048,0.2662,0.04398,0.023,0.57561,-0.00616,0.23389,0.21539,0.22464,0.35339,0.47691,0.37249,0.4247,0.34794,5.9514,-26.38832,0.96822,Y4d-021,22,0.73333
133.72141,0.23491,0.30938,0.27215,0.01492,0.0078,0.57367,-0.00385,0.23022,0.21321,0.22171,0.34925,0.47728,0.36837,0.42283,0.36733,5.65761,-26.40375,0.74187,Y4d-021,23,0.76667
133.426,0.23776,0.28486,0.26131,0.00259,0.00137,0.57535,-0.00317,0.23159,0.21869,0.22514,0.34705,0.47565,0.36121,0.41843,0.36298,5.80599,-26.88957,0.51449,Y4d-021,24,0.8
134.5081,0.2331,0.29823,0.26567,0.00285,0.00149,0.5703,-0.00278,0.2315,0.21263,0.22207,0.34776,0.4824,0.36807,0.42524,0.34257,5.66672,-25.82939,0.32644,Y4d-021,25,0.83333
134.93313,0.24286,0.28077,0.26182,0.00167,0.00087,0.56929,-0.00243,0.23019,0.21023,0.22021,0.34374,0.4804,0.37065,0.42552,0.35129,5.61965,-25.70869,0.00947,Y4d-021,26,0.86667
134.88948,0.2401,0.28826,0.26418,0.00101,0.00052,0.56326,-0.00122,0.23,0.21873,0.22436,0.35295,0.48335,0.35805,0.4207,0.33941,5.15363,-25.3693,-0.05534,Y4d-021,27,0.9
135.89003,0.24405,0.27814,0.2611,0.00151,0.00078,0.56186,-0.00159,0.22708,0.21425,0.22067,0.3445,0.47286,0.38126,0.42706,0.32786,4.8546,-24.93345,0.05189,Y4d-021,28,0.93333
135.90896,0.24947,0.27799,0.26373,0.001,0.00052,0.57216,0.00152,0.22756,0.21884,0.2232,0.34544,0.47479,0.3704,0.42259,0.34669,4.9595,-24.53078,-0.36755,Y4d-021,29,0.96667
135.51026,0.25443,0.28503,0.26973,0.00127,0.00067,0.57417,-0.00146,0.22996,0.2167,0.22333,0.34984,0.47082,0.36848,0.41965,0.3511,4.91361,-24.59755,-0.48857,Y4d-021,30,1.0
156.04806,0.24653,0.22658,0.23655,0.21981,0.12727,0.64281,0.03852,0.22019,0.24639,0.23329,0.34448,0.48608,0.53863,0.51235,0.27754,1.03226,-17.57893,-8.10284,Y4d-022,0,0.0
155.97883,0.24711,0.24927,0.24819,0.19546,0.11621,0.65915,0.03005,0.21401,0.23638,0.2252,0.34073,0.48818,0.55133,0.51975,0.2879,0.38956,-12.50206,-7.74339,Y4d-022,1,0.03333
157.20902,0.22971,0.24247,0.23609,0.17137,0.10271,0.6657,0.02427,0.22296,0.23946,0.23121,0.34708,0.47236,0.54119,0.50678,0.27198,1.26855,-13.32353,-7.92789,Y4d-022,2,0.06667
156.94547,0.22752,0.22911,0.22831,0.14476,0.0864,0.66525,0.02265,0.21623,0.24076,0.22849,0.34971,0.4855,0.57146,0.52848,0.24425,0.98153,-12.21363,-8.16709,Y4d-022,3,0.1
156.59669,0.22477,0.23996,0.23236,0.12693,0.07512,0.65981,0.01207,0.21915,0.23754,0.22834,0.35307,0.47867,0.55945,0.51906,0.22811,0.29902,-14.01921,-8.18588,Y4d-022,4,0.13333
157.49293,0.23139,0.24969,0.24054,0.12426,0.07108,0.6401,0.00561,0.21565,0.23914,0.22739,0.35005,0.49171,0.54138,0.51654,0.26065,0.57075,-14.41502,-7.99099,Y4d-022,5,0.16667
156.69101,0.23943,0.25206,0.24575,0.00836,0.005,0.65977,-0.00095,0.21509,0.23481,0.22495,0.34468,0.48351,0.5424,0.51295,0.27437,0.22895,-13.06514,-7.72463,Y4d-022,6,0.2
157.26171,0.22763,0.25505,0.24134,0.00332,0.00194,0.64483,-0.00321,0.22069,0.23431,0.2275,0.35218,0.49423,0.5484,0.52131,0.24897,0.44835,-13.61768,-7.90096,Y4d-022,7,0.23333
156.08842,0.22926,0.25275,0.241,0.00196,0.00111,0.62623,-0.00089,0.21517,0.24167,0.22842,0.35237,0.47088,0.54303,0.50695,0.26535,0.09964,-15.63544,-7.95333,Y4d-022,8,0.26667
155.74438,0.2417,0.26329,0.2525,0.01897,0.01077,0.62738,0.00327,0.21829,0.23806,0.22818,0.35026,0.47272,0.54484,0.50878,0.27786,-0.14274,-15.50689,-7.93627,Y4d-022,9,0.3
155.85509,0.25453,0.25986,0.25719,0.11877,0.0639,0.6021,0.00869,0.21342,0.24023,0.22682,0.35036,0.48386,0.53272,0.50829,0.3059,0.44513,-18.3491,-7.90751,Y4d-022,10,0.33333
156.24426,0.26222,0.24724,0.25473,0.0924,0.04958,0.60104,0.00618,0.20916,0.23884,0.224,0.33978,0.47011,0.5416,0.50586,0.30339,1.06975,-17.29569,-7.75704,Y4d-022,11,0.36667
157.22206,0.24774,0.24712,0.24743,0.0039,0.0022,0.6217,0.00565,0.21159,0.23995,0.22577,0.34995,0.49304,0.5251,0.50907,0.30211,0.52138,-16.02247,-7.56122,Y4d-022,12,0.4
161.393,0.21215,0.20998,0.21107,0.00256,0.00147,0.62804,0.01659,0.22292,0.2384,0.23066,0.34026,0.65496,0.46041,0.55768,0.13823,1.59764,-12.21202,-8.08099,Y4d-022,13,0.43333
160.87844,0.21119,0.20494,0.20806,0.05125,0.03141,0.67181,0.03018,0.22066,0.23792,0.22929,0.34038,0.642,0.45804,0.55002,0.20631,0.7559,-10.94341,-7.9493,Y4d-022,14,0.46667
160.71492,0.20312,0.19585,0.19949,0.16569,0.10044,0.67391,0.04659,0.22491,0.23715,0.23103,0.32832,0.64003,0.4518,0.54591,0.17322,1.60636,-11.2186,-7.91084,Y4d-022,15,0.5
162.24104,0.21765,0.2142,0.21593,0.15908,0.09904,0.6893,0.05083,0.20816,0.23145,0.21981,0.32928,0.65243,0.44807,0.55025,0.21123,3.10879,-12.12068,-8.26329,Y4d-022,16,0.53333
160.12372,0.19453,0.22083,0.20768,0.19516,0.13197,0.74339,0.06067,0.2213,0.23041,0.22585,0.31971,0.63243,0.44009,0.53626,0.19259,2.76444,-10.95776,-8.38009,Y4d-022,17,0.56667
161.01122,0.1977,0.19975,0.19873,0.21091,0.13935,0.72635,0.05367,0.22171,0.23158,0.22665,0.31866,0.63958,0.42625,0.53291,0.17475,3.85817,-11.84425,-8.69144,Y4d-022,18,0.6
159.53475,0.19457,0.20002,0.19729,0.19814,0.13362,0.74092,0.04875,0.22395,0.23535,0.22965,0.31721,0.63071,0.43494,0.53282,0.19884,3.48548,-11.46935,-8.58589,Y4d-022,19,0.63333
159.49574,0.19303,0.19249,0.19276,0.201,0.13677,0.7463,0.04777,0.22794,0.2374,0.23267,0.32836,0.61972,0.43485,0.52729,0.16899,3.22666,-11.37856,-8.67493,Y4d-022,20,0.66667
159.64736,0.20561,0.18684,0.19622,0.19077,0.12978,0.74694,0.04882,0.2254,0.23246,0.22893,0.31612,0.62311,0.44288,0.533,0.17801,3.5017,-10.85204,-8.78005,Y4d-022,21,0.7
159.3611,0.20486,0.18339,0.19413,0.19448,0.13573,0.76357,0.05109,0.22638,0.23145,0.22892,0.31567,0.6251,0.44568,0.53539,0.17041,3.54188,-9.51376,-8.64333,Y4d-022,22,0.73333
159.31424,0.17417,0.18681,0.18049,0.18168,0.12588,0.75956,0.04887,0.23455,0.23112,0.23283,0.32406,0.61526,0.44042,0.52784,0.1638,3.34633,-10.23365,-8.59046,Y4d-022,23,0.76667
159.32014,0.16336,0.17857,0.17097,0.17931,0.12752,0.77613,0.04762,0.23545,0.23552,0.23549,0.32671,0.53567,0.466,0.50084,0.19232,4.17669,-9.92279,-8.62754,Y4d-022,24,0.8
160.66119,0.12839,0.18348,0.15593,0.17484,0.12406,0.77428,0.04691,0.23786,0.23202,0.23494,0.33133,0.52471,0.48411,0.50441,0.17414,3.41991,-9.73652,-8.66044,Y4d-022,25,0.83333
158.43964,0.15629,0.17167,0.16398,0.17278,0.12496,0.7889,0.04673,0.23624,0.23153,0.23389,0.32481,0.47596,0.49195,0.48395,0.21133,3.9476,-10.41761,-8.73903,Y4d-022,26,0.86667
157.93999,0.14988,0.16109,0.15549,0.17643,0.12905,0.79816,0.04557,0.23114,0.23602,0.23358,0.32616,0.50302,0.50687,0.50495,0.15643,3.66575,-10.30476,-8.80809,Y4d-022,27,0.9
157.50645,0.15649,0.18155,0.16902,0.17883,0.12826,0.77975,0.04976,0.23293,0.23333,0.23313,0.3288,0.48201,0.48762,0.48481,0.2303,3.21023,-9.71128,-8.83019,Y4d-022,28,0.93333
159.44915,0.15217,0.16193,0.15705,0.17966,0.12753,0.77253,0.05172,0.23171,0.23376,0.23273,0.33285,0.48795,0.50998,0.49896,0.1802,3.29564,-9.15111,-8.85415,Y4d-022,29,0.96667
158.75555,0.15869,0.16256,0.16063,0.17704,0.12605,0.77637,0.04362,0.22797,0.23379,0.23088,0.32278,0.50759,0.50259,0.50509,0.17989,3.03464,-9.08486,-8.5918,Y4d-022,30,1.0
160.52243,0.11362,0.17977,0.14669,0.17798,0.12524,0.76706,0.04702,0.23381,0.22444,0.22912,0.3252,0.49911,0.51052,0.50481,-0.00255,3.66256,-10.24714,-8.64326,Y4d-022,31,1.03333
161.11017,0.11857,0.14728,0.13293,0.17956,0.12562,0.76245,0.04759,0.22907,0.22602,0.22755,0.32174,0.50083,0.51976,0.51029,-0.06867,3.86805,-9.99603,-8.44251,Y4d-022,32,1.06667
162.41459,0.12698,0.13359,0.13028,0.18111,0.12636,0.7613,0.04631,0.23198,0.22898,0.23048,0.32869,0.48903,0.53099,0.51001,0.08962,4.65331,-9.4078,-8.69356,Y4d-022,33,1.1
109.33465,0.24877,0.23757,0.24317,0.21495,0.11789,0.59691,0.045,0.2767,0.26552,0.27111,0.37656,0.44516,0.47298,0.45907,0.36636,2.64906,-1.64423,-2.1504,Y4d-023,0,0.0
109.76833,0.2549,0.22457,0.23973,0.21205,0.11604,0.60054,0.04503,0.27122,0.27654,0.27388,0.36442,0.46676,0.46712,0.46694,0.33931,4.83794,-2.97191,-2.62697,Y4d-023,1,0.03333
109.71265,0.2473,0.24852,0.24791,0.21633,0.11764,0.59579,0.04225,0.26673,0.26854,0.26764,0.35501,0.47474,0.47519,0.47497,0.35041,5.52115,-3.5092,-2.8752,Y4d-023,2,0.06667
109.88494,0.2374,0.24533,0.24137,0.19604,0.10736,0.60075,0.05153,0.2624,0.26859,0.26549,0.35616,0.47042,0.47503,0.47272,0.32728,5.50633,-4.37654,-3.24382,Y4d-023,3,0.1
110.27024,0.23243,0.24158,0.23701,0.20871,0.11142,0.58925,0.0582,0.26351,0.26842,0.26596,0.36315,0.46627,0.48211,0.47419,0.31144,5.284,-4.74899,-3.63189,Y4d-023,4,0.13333
110.39493,0.24553,0.25112,0.24832,0.27086,0.14134,0.581,0.05993,0.26277,0.26858,0.26568,0.36965,0.46591,0.4848,0.47535,0.30043,5.64559,-7.01443,-3.68461,Y4d-023,5,0.16667
110.63305,0.25448,0.25331,0.25389,0.25595,0.13374,0.58167,0.05524,0.25672,0.26477,0.26075,0.36239,0.47257,0.49792,0.48524,0.28678,6.32279,-5.10344,-3.52711,Y4d-023,6,0.2
110.2569,0.24808,0.246,0.24704,0.2051,0.10843,0.58762,0.05088,0.25933,0.26522,0.26227,0.36521,0.46653,0.49915,0.48284,0.28453,7.26888,-4.1374,-3.3765,Y4d-023,7,0.23333
110.25123,0.24165,0.23829,0.23997,0.17093,0.09104,0.58862,0.05314,0.26376,0.26897,0.26637,0.36256,0.46042,0.49401,0.47722,0.28206,8.65649,-5.35432,-3.63662,Y4d-023,8,0.26667
110.70752,0.24116,0.2398,0.24048,0.14985,0.0763,0.56628,0.04502,0.26077,0.26361,0.26219,0.36204,0.45614,0.49708,0.47661,0.30976,8.73185,-6.21149,-3.60419,Y4d-023,9,0.3
110.41513,0.23005,0.25313,0.24159,0.14196,0.07399,0.57899,0.03601,0.25933,0.26566,0.2625,0.35921,0.45676,0.48719,0.47197,0.32097,8.09738,-6.26299,-3.47412,Y4d-023,10,0.33333
110.03031,0.23794,0.26025,0.24909,0.13736,0.07176,0.58174,0.03168,0.26402,0.26794,0.26598,0.35718,0.45775,0.47806,0.4679,0.31076,6.34927,-3.79978,-3.03294,Y4d-023,11,0.36667
110.18663,0.24279,0.26039,0.25159,0.17115,0.08625,0.5634,0.03502,0.26355,0.26774,0.26565,0.35597,0.45462,0.48006,0.46734,0.33565,5.83,-3.40638,-2.59363,Y4d-023,12,0.4
110.67043,0.23456,0.26139,0.24798,0.21477,0.11037,0.57179,0.05036,0.26447,0.26455,0.26451,0.36028,0.45578,0.48538,0.47058,0.33693,6.30648,-4.65156,-2.55574,Y4d-023,13,0.43333
110.665,0.23704,0.25183,0.24444,0.30527,0.1641,0.59444,0.04996,0.26396,0.26568,0.26482,0.36102,0.45872,0.4774,0.46806,0.32088,4.9247,-5.88025,-2.56305,Y4d-023,14,0.46667
110.60484,0.23878,0.2548,0.24679,0.29482,0.16425,0.61495,0.06464,0.26519,0.26788,0.26653,0.36534,0.45263,0.48667,0.46965,0.30647,5.77189,-6.353,-2.80557,Y4d-023,15,0.5
110.72245,0.23724,0.25735,0.24729,0.30729,0.17309,0.62163,0.06618,0.26545,0.2675,0.26648,0.36533,0.45186,0.47979,0.46583,0.30177,5.02062,-6.25099,-2.8706,Y4d-023,16,0.53333
110.5677,0.24059,0.24913,0.24486,0.32714,0.18573,0.62673,0.06634,0.26325,0.26772,0.26548,0.3615,0.45122,0.48013,0.46567,0.27592,5.28869,-6.17089,-3.28053,Y4d-023,17,0.56667
110.53485,0.24781,0.25582,0.25182,0.30573,0.17315,0.62877,0.06359,0.26351,0.2654,0.26445,0.36465,0.4522,0.49426,0.47323,0.27593,5.03156,-7.24394,-3.41657,Y4d-023,18,0.6
110.36586,0.24681,0.26083,0.25382,0.31568,0.18096,0.63666,0.05823,0.2625,0.2654,0.26395,0.36309,0.46514,0.49308,0.47911,0.2822,4.45017,-6.40695,-3.66535,Y4d-023,19,0.63333
110.71826,0.24698,0.25653,0.25175,0.30246,0.17412,0.63724,0.05293,0.26207,0.26456,0.26331,0.35819,0.46941,0.4916,0.4805,0.2771,4.14588,-6.71789,-3.59309,Y4d-023,20,0.66667
111.65866,0.19514,0.20863,0.20189,0.27439,0.15872,0.63755,0.05158,0.28075,0.26642,0.27359,0.35527,0.58911,0.40722,0.49817,0.22752,4.13608,-6.43732,-3.67913,Y4d-023,21,0.7
112.68854,0.18944,0.20859,0.19902,0.27529,0.15796,0.63165,0.05244,0.28101,0.2647,0.27286,0.35071,0.58731,0.39004,0.48867,0.27986,5.49897,-6.43144,-3.73019,Y4d-023,22,0.73333
114.33199,0.20314,0.21728,0.21021,0.25961,0.14584,0.62071,0.04209,0.27237,0.26048,0.26643,0.34596,0.60572,0.40913,0.50743,0.26656,7.04601,-6.5408,-4.13407,Y4d-023,23,0.76667
119.07595,0.08965,0.15022,0.11993,0.00377,0.00206,0.59931,0.00505,0.29456,0.28105,0.28781,0.32933,0.51665,0.44149,0.47907,-0.09451,1.18585,-20.84916,-11.3808,Y4d-024,0,0.0
120.33138,0.07337,0.0846,0.07899,0.00309,0.00166,0.58714,0.00999,0.28653,0.29647,0.2915,0.33134,0.49915,0.47504,0.48709,-0.18526,1.71245,-19.50508,-11.44427,Y4d-024,1,0.03333
119.61071,0.07848,0.12475,0.10162,0.00191,0.00103,0.5906,0.00509,0.28512,0.29737,0.29125,0.33349,0.47777,0.44074,0.45925,-0.05381,0.58934,-19.58348,-11.12639,Y4d-024,2,0.06667
120.06756,0.0751,0.11112,0.09311,0.00334,0.0018,0.5902,0.00349,0.28789,0.29379,0.29084,0.33805,0.48193,0.43386,0.45789,-0.18704,0.47369,-19.48108,-11.03524,Y4d-024,3,0.1
120.34603,0.0795,0.10528,0.09239,0.00035,0.00018,0.57234,-0.00118,0.28695,0.29004,0.28849,0.33203,0.4908,0.44829,0.46954,-0.13279,0.92451,-20.31781,-11.13222,Y4d-024,4,0.13333
120.14698,0.04075,0.10879,0.07477,0.07487,0.03891,0.57547,0.00446,0.29583,0.29185,0.29384,0.32824,0.49853,0.44607,0.4723,-0.45955,-0.10621,-21.34371,-11.15014,Y4d-024,5,0.16667
121.98381,0.01324,0.02431,0.01877,0.1262,0.06471,0.57019,0.00209,0.30517,0.30305,0.30411,0.31782,0.54358,0.48368,0.51363,2.01198,-0.25871,-21.31064,-10.93525,Y4d-024,6,0.2
121.21151,0.02641,0.03038,0.02839,0.13127,0.06786,0.57471,0.00277,0.29694,0.2939,0.29542,0.32028,0.57482,0.4582,0.51651,-2.3924,-0.14702,-21.59313,-10.97054,Y4d-024,7,0.23333
120.61731,0.09203,0.05809,0.07506,0.15017,0.07697,0.57085,0.00299,0.27409,0.27656,0.27532,0.33627,0.59919,0.40543,0.50231,-0.51375,1.32613,-20.86403,-11.1189,Y4d-024,8,0.26667
116.37407,0.18212,0.13787,0.16,0.15782,0.08313,0.58704,0.00386,0.26934,0.2672,0.26827,0.34263,0.60493,0.39792,0.50142,-0.06138,2.12777,-23.62883,-11.20343,Y4d-024,9,0.3
116.86741,0.20797,0.15634,0.18215,0.1635,0.08371,0.57228,0.00229,0.25085,0.26014,0.25549,0.34162,0.61692,0.39654,0.50673,-0.02499,2.78001,-24.07704,-11.22517,Y4d-024,10,0.33333
117.50431,0.23952,0.19345,0.21648,0.16027,0.08024,0.55946,0.00272,0.2393,0.25015,0.24472,0.34035,0.63097,0.3788,0.50488,0.04077,3.31613,-25.21018,-11.24634,Y4d-024,11,0.36667
119.13638,0.2643,0.20726,0.23578,0.13193,0.06387,0.54129,-0.00464,0.23544,0.24193,0.23868,0.34245,0.60618,0.38563,0.4959,0.07689,3.16381,-24.04727,-10.89133,Y4d-024,12,0.4
118.65625,0.27206,0.20262,0.23734,0.08882,0.04347,0.54619,-0.00887,0.23597,0.24667,0.24132,0.35179,0.59584,0.39557,0.49571,0.07092,1.56779,-24.69278,-10.82162,Y4d-024,13,0.43333
119.50714,0.25149,0.22003,0.23576,0.00544,0.00262,0.53276,-0.00203,0.23793,0.2429,0.24042,0.3533,0.58578,0.39007,0.48792,0.09203,1.5476,-24.93068,-10.72042,Y4d-024,14,0.46667
118.91897,0.27529,0.23339,0.25434,0.00658,0.00317,0.53401,0.00031,0.23278,0.24238,0.23758,0.34601,0.60351,0.37887,0.49119,0.09567,2.29394,-24.49279,-10.28098,Y4d-024,15,0.5
119.06871,0.2562,0.22893,0.24256,0.00605,0.00297,0.5436,0.00308,0.23466,0.24528,0.23997,0.34422,0.60374,0.3756,0.48967,0.1557,3.14743,-22.75038,-10.04929,Y4d-024,16,0.53333
121.19315,0.23969,0.20751,0.2236,0.06534,0.0328,0.55731,-0.00168,0.22899,0.23941,0.2342,0.33542,0.49686,0.47263,0.48475,0.16093,4.11651,-19.23041,-9.68177,Y4d-024,17,0.56667
121.93246,0.24283,0.24493,0.24388,0.16912,0.08585,0.5651,0.0026,0.22132,0.23038,0.22585,0.32644,0.44222,0.52361,0.48291,0.22463,3.64454,-17.24911,-9.8631,Y4d-024,18,0.6
122.52834,0.26152,0.23173,0.24663,0.22731,0.11736,0.57527,-0.00334,0.21637,0.2277,0.22204,0.33183,0.45988,0.51873,0.48931,0.19502,2.71776,-13.80191,-10.10298,Y4d-024,19,0.63333
122.9144,0.27101,0.25347,0.26224,0.26312,0.13816,0.5871,-0.00894,0.21539,0.2221,0.21874,0.3332,0.45406,0.50896,0.48151,0.22137,2.58062,-11.95976,-10.95731,Y4d-024,20,0.66667
123.20495,0.2763,0.25482,0.26556,0.26364,0.14079,0.5961,0.00136,0.21325,0.219,0.21613,0.34214,0.45147,0.50657,0.47902,0.22523,3.32011,-8.13865,-12.05848,Y4d-024,21,0.7
124.04921,0.26932,0.24107,0.25519,0.26031,0.13944,0.59549,-0.0008,0.21513,0.21722,0.21617,0.34134,0.47673,0.49284,0.48478,0.18965,3.25999,-3.30871,-13.46308,Y4d-024,22,0.73333
122.79274,0.2539,0.26652,0.26021,0.22085,0.11947,0.60085,-9e-05,0.2227,0.21103,0.21687,0.34592,0.46496,0.51774,0.49135,0.15096,2.73267,-2.25888,-15.50145,Y4d-024,23,0.76667
121.07123,0.26389,0.27809,0.27099,0.20373,0.11087,0.60306,0.01522,0.22297,0.215,0.21898,0.34387,0.46914,0.50091,0.48503,0.10514,3.28872,3.40471,-17.72216,Y4d-024,24,0.8
122.0185,0.27872,0.27104,0.27488,0.16697,0.0885,0.58798,0.0122,0.21591,0.21235,0.21413,0.34164,0.48081,0.50011,0.49046,0.05975,4.8728,4.7298,-20.06474,Y4d-024,25,0.83333
122.0446,0.24212,0.2376,0.23986,0.08864,0.04709,0.59054,0.00744,0.23648,0.21839,0.22744,0.33941,0.57736,0.41257,0.49497,-0.18287,4.51035,6.12318,-22.494,Y4d-024,26,0.86667
122.70546,0.23382,0.2291,0.23146,0.00363,0.00194,0.58685,0.01941,0.2378,0.22275,0.23027,0.32714,0.65359,0.37456,0.51407,-0.44945,4.67567,6.42858,-24.87996,Y4d-024,27,0.9
121.93043,0.2287,0.2386,0.23365,0.00245,0.00132,0.59252,0.02022,0.24282,0.22519,0.234,0.32825,0.64217,0.37671,0.50944,-0.49413,4.36375,6.93244,-26.6135,Y4d-024,28,0.93333
122.14893,0.21962,0.24134,0.23048,0.00294,0.0016,0.59737,0.02546,0.24433,0.21878,0.23156,0.328,0.64784,0.38119,0.51452,-0.53853,4.56781,7.48858,-27.19243,Y4d-024,29,0.96667
122.62175,0.22712,0.22578,0.22645,0.00236,0.00128,0.59312,0.02367,0.24476,0.22272,0.23374,0.33107,0.63607,0.37798,0.50702,-0.50069,5.24533,8.66483,-27.21349,Y4d-024,30,1.0
122.60962,0.23026,0.22288,0.22657,0.00247,0.00137,0.60723,0.02701,0.24295,0.21987,0.23141,0.33814,0.64269,0.37376,0.50822,-0.49183,6.22547,7.85543,-26.72211,Y4d-024,31,1.03333
121.71394,0.27038,0.22574,0.24806,0.0027,0.00149,0.60163,0.02483,0.22994,0.22728,0.22861,0.32457,0.6577,0.36694,0.51232,-0.39434,7.51213,8.19522,-26.19414,Y4d-024,32,1.06667
142.49584,0.07143,0.06515,0.06829,0.20391,0.10066,0.54338,0.04712,0.32011,0.34978,0.33495,0.34788,0.53082,0.519,0.52491,0.61133,11.56098,-15.08106,5.98019,Y4d-025,0,0.0
140.44421,0.06767,0.08753,0.0776,0.20178,0.10272,0.55771,0.04917,0.32663,0.35193,0.33928,0.35051,0.52803,0.50572,0.51688,0.84188,11.94262,-12.66351,6.13374,Y4d-025,1,0.03333
139.13617,0.14431,0.10949,0.1269,0.20524,0.10675,0.57187,0.04027,0.2868,0.33109,0.30894,0.35758,0.4554,0.45675,0.45608,0.56483,10.94868,-11.91195,6.35707,Y4d-025,2,0.06667
136.94805,0.19303,0.17988,0.18645,0.14119,0.07551,0.59151,0.04628,0.27554,0.30429,0.28992,0.34142,0.43947,0.41862,0.42904,0.3388,11.54609,-12.66662,5.89363,Y4d-025,3,0.1
137.80559,0.22639,0.22709,0.22674,0.00792,0.00417,0.57618,0.05803,0.26234,0.28725,0.2748,0.34636,0.45767,0.43852,0.4481,0.32137,12.69335,-10.58904,4.94826,Y4d-025,4,0.13333
137.86151,0.21801,0.23986,0.22894,0.00933,0.00477,0.56029,0.04988,0.25731,0.27017,0.26374,0.34029,0.44264,0.45075,0.4467,0.32647,11.82207,-11.5611,4.95995,Y4d-025,5,0.16667
136.27103,0.23347,0.23529,0.23438,0.00639,0.0033,0.56691,0.03906,0.25686,0.27468,0.26577,0.33829,0.44237,0.44311,0.44274,0.32405,9.76346,-12.52841,4.81422,Y4d-025,6,0.2
135.34296,0.23394,0.23677,0.23535,0.03667,0.01874,0.56569,0.02613,0.25733,0.28016,0.26874,0.34172,0.43115,0.45213,0.44164,0.30483,8.25407,-11.33327,4.90707,Y4d-025,7,0.23333
135.37032,0.25159,0.24801,0.2498,0.08957,0.0471,0.58481,0.02612,0.2451,0.2632,0.25415,0.35159,0.40245,0.52869,0.46557,0.3322,7.84488,-10.37451,4.85518,Y4d-025,8,0.26667
135.84422,0.26959,0.27222,0.2709,0.20549,0.10323,0.56123,0.01552,0.24518,0.2605,0.25284,0.35403,0.39955,0.51877,0.45916,0.37106,5.01201,-12.43491,4.85172,Y4d-025,9,0.3
136.4701,0.25733,0.26754,0.26243,0.24623,0.12266,0.55642,0.01641,0.24554,0.26552,0.25553,0.35103,0.40025,0.51332,0.45678,0.36635,3.34844,-5.29268,4.69461,Y4d-025,10,0.33333
135.60912,0.27864,0.27338,0.27601,0.2217,0.11394,0.57229,0.01883,0.24735,0.26454,0.25594,0.35408,0.39891,0.5002,0.44956,0.39868,4.1402,6.06473,4.62127,Y4d-025,11,0.36667
135.25623,0.28587,0.26605,0.27596,0.19303,0.10255,0.58962,0.02895,0.25039,0.26488,0.25764,0.35131,0.40344,0.50011,0.45178,0.41136,4.68592,7.36676,4.81884,Y4d-025,12,0.4
135.44653,0.2854,0.27313,0.27927,0.20149,0.10557,0.58027,0.03273,0.24919,0.26201,0.2556,0.35112,0.41054,0.48815,0.44934,0.3941,5.36697,4.64201,4.90908,Y4d-025,13,0.43333
135.41074,0.28022,0.28731,0.28376,0.19391,0.09882,0.56505,0.02829,0.25033,0.26085,0.25559,0.35675,0.4013,0.49178,0.44654,0.38297,5.5076,9.43449,4.80739,Y4d-025,14,0.46667
135.28962,0.28893,0.28708,0.288,0.1404,0.07141,0.56637,0.0216,0.25042,0.25897,0.2547,0.35434,0.39944,0.49083,0.44513,0.3796,6.38755,7.62156,4.8457,Y4d-025,15,0.5
135.61102,0.28261,0.28375,0.28318,0.08263,0.04237,0.56575,0.02865,0.24712,0.25854,0.25283,0.34929,0.41002,0.49909,0.45455,0.39488,7.56934,4.77535,4.88619,Y4d-025,16,0.53333
134.9885,0.28567,0.26684,0.27626,0.03276,0.01697,0.56953,0.02844,0.25108,0.25644,0.25376,0.35076,0.40816,0.49475,0.45146,0.3952,6.96007,3.84927,4.43385,Y4d-025,17,0.56667
134.27227,0.28622,0.25948,0.27285,0.01272,0.0066,0.56949,0.02469,0.25014,0.26401,0.25708,0.35565,0.39483,0.49471,0.44477,0.3437,6.67514,3.06612,4.16107,Y4d-025,18,0.6
134.98525,0.27547,0.26767,0.27157,0.01118,0.00564,0.55444,0.0195,0.24831,0.25896,0.25363,0.35243,0.40636,0.49965,0.453,0.32713,6.35495,2.40895,4.1123,Y4d-025,19,0.63333
133.93363,0.27916,0.26474,0.27195,0.00975,0.00469,0.52807,0.01468,0.25081,0.25884,0.25483,0.34706,0.40065,0.48608,0.44337,0.32372,5.88717,8.16165,4.05972,Y4d-025,20,0.66667
134.25013,0.26869,0.27076,0.26972,0.01665,0.00757,0.49989,0.01952,0.25356,0.25593,0.25474,0.35187,0.41118,0.48922,0.4502,0.33172,5.57068,8.62267,4.28645,Y4d-025,21,0.7
134.15313,0.25835,0.27683,0.26759,0.01947,0.00876,0.49561,0.01016,0.25558,0.25082,0.2532,0.35246,0.40064,0.4713,0.43597,0.34641,5.97918,11.39222,4.77996,Y4d-025,22,0.73333
133.32899,0.26796,0.27331,0.27063,0.02414,0.01032,0.47068,0.01112,0.25617,0.25502,0.2556,0.3499,0.40468,0.46557,0.43512,0.3466,6.13871,15.3432,4.97459,Y4d-025,23,0.76667
132.9396,0.26598,0.25897,0.26248,0.01792,0.00787,0.48178,0.01164,0.25783,0.25623,0.25703,0.3506,0.40714,0.46089,0.43402,0.3456,5.41239,12.98457,4.67947,Y4d-025,24,0.8
132.21534,0.27988,0.26485,0.27237,0.01894,0.00825,0.4775,0.00865,0.25291,0.25832,0.25562,0.34749,0.4003,0.46127,0.43078,0.33463,5.2078,12.69501,4.20463,Y4d-025,25,0.83333
131.88116,0.26412,0.2771,0.27061,0.01678,0.00729,0.47649,0.01071,0.25369,0.25595,0.25482,0.34514,0.40089,0.47179,0.43634,0.32952,5.39008,13.84233,3.97725,Y4d-025,26,0.86667
132.39751,0.28069,0.26795,0.27432,0.018,0.00778,0.47363,0.01117,0.25433,0.25534,0.25484,0.34709,0.39712,0.48026,0.43869,0.33694,5.33654,13.40444,3.7075,Y4d-025,27,0.9
