participant_code,year_level,valence_score,arousal_score,valence_group,arousal_group,affect_category,face_detection_quality_pass,face_browDownLeft_mean,face_browDownLeft_std,face_browDownLeft_max,face_browDownRight_mean,face_browDownRight_std,face_browDownRight_max,face_browInnerUp_mean,face_browInnerUp_std,face_browInnerUp_max,face_browOuterUpLeft_mean,face_browOuterUpLeft_std,face_browOuterUpLeft_max,face_browOuterUpRight_mean,face_browOuterUpRight_std,face_browOuterUpRight_max,face_cheekPuff_mean,face_cheekPuff_std,face_cheekPuff_max,face_cheekSquintLeft_mean,face_cheekSquintLeft_std,face_cheekSquintLeft_max,face_cheekSquintRight_mean,face_cheekSquintRight_std,face_cheekSquintRight_max,face_eyeBlinkLeft_mean,face_eyeBlinkLeft_std,face_eyeBlinkLeft_max,face_eyeBlinkRight_mean,face_eyeBlinkRight_std,face_eyeBlinkRight_max,face_eyeLookDownLeft_mean,face_eyeLookDownLeft_std,face_eyeLookDownLeft_max,face_eyeLookDownRight_mean,face_eyeLookDownRight_std,face_eyeLookDownRight_max,face_eyeLookInLeft_mean,face_eyeLookInLeft_std,face_eyeLookInLeft_max,face_eyeLookInRight_mean,face_eyeLookInRight_std,face_eyeLookInRight_max,face_eyeLookOutLeft_mean,face_eyeLookOutLeft_std,face_eyeLookOutLeft_max,face_eyeLookOutRight_mean,face_eyeLookOutRight_std,face_eyeLookOutRight_max,face_eyeLookUpLeft_mean,face_eyeLookUpLeft_std,face_eyeLookUpLeft_max,face_eyeLookUpRight_mean,face_eyeLookUpRight_std,face_eyeLookUpRight_max,face_eyeSquintLeft_mean,face_eyeSquintLeft_std,face_eyeSquintLeft_max,face_eyeSquintRight_mean,face_eyeSquintRight_std,face_eyeSquintRight_max,face_eyeWideLeft_mean,face_eyeWideLeft_std,face_eyeWideLeft_max,face_eyeWideRight_mean,face_eyeWideRight_std,face_eyeWideRight_max,face_jawForward_mean,face_jawForward_std,face_jawForward_max,face_jawLeft_mean,face_jawLeft_std,face_jawLeft_max,face_jawOpen_mean,face_jawOpen_std,face_jawOpen_max,face_jawRight_mean,face_jawRight_std,face_jawRight_max,face_mouthClose_mean,face_mouthClose_std,face_mouthClose_max,face_mouthDimpleLeft_mean,face_mouthDimpleLeft_std,face_mouthDimpleLeft_max,face_mouthDimpleRight_mean,face_mouthDimpleRight_std,face_mouthDimpleRight_max,face_mouthFrownLeft_mean,face_mouthFrownLeft_std,face_mouthFrownLeft_max,face_mouthFrownRight_mean,face_mouthFrownRight_std,face_mouthFrownRight_max,face_mouthFunnel_mean,face_mouthFunnel_std,face_mouthFunnel_max,face_mouthLeft_mean,face_mouthLeft_std,face_mouthLeft_max,face_mouthLowerDownLeft_mean,face_mouthLowerDownLeft_std,face_mouthLowerDownLeft_max,face_mouthLowerDownRight_mean,face_mouthLowerDownRight_std,face_mouthLowerDownRight_max,face_mouthPressLeft_mean,face_mouthPressLeft_std,face_mouthPressLeft_max,face_mouthPressRight_mean,face_mouthPressRight_std,face_mouthPressRight_max,face_mouthPucker_mean,face_mouthPucker_std,face_mouthPucker_max,face_mouthRight_mean,face_mouthRight_std,face_mouthRight_max,face_mouthRollLower_mean,face_mouthRollLower_std,face_mouthRollLower_max,face_mouthRollUpper_mean,face_mouthRollUpper_std,face_mouthRollUpper_max,face_mouthShrugLower_mean,face_mouthShrugLower_std,face_mouthShrugLower_max,face_mouthShrugUpper_mean,face_mouthShrugUpper_std,face_mouthShrugUpper_max,face_mouthSmileLeft_mean,face_mouthSmileLeft_std,face_mouthSmileLeft_max,face_mouthSmileRight_mean,face_mouthSmileRight_std,face_mouthSmileRight_max,face_mouthStretchLeft_mean,face_mouthStretchLeft_std,face_mouthStretchLeft_max,face_mouthStretchRight_mean,face_mouthStretchRight_std,face_mouthStretchRight_max,face_mouthUpperUpLeft_mean,face_mouthUpperUpLeft_std,face_mouthUpperUpLeft_max,face_mouthUpperUpRight_mean,face_mouthUpperUpRight_std,face_mouthUpperUpRight_max,face_noseSneerLeft_mean,face_noseSneerLeft_std,face_noseSneerLeft_max,face_noseSneerRight_mean,face_noseSneerRight_std,face_noseSneerRight_max,face_smile_mean,face_smile_std,face_smile_max,face_frown_mean,face_frown_std,face_frown_max,face_brow_lowerer_mean,face_brow_lowerer_std,face_brow_lowerer_max,face_brow_inner_raiser_mean,face_brow_inner_raiser_std,face_brow_inner_raiser_max,face_jaw_open_mean,face_jaw_open_std,face_jaw_open_max,face_eye_squint_mean,face_disgust_proxy_mean,face_expressiveness_proxy,face_motion_energy,face_ear_mean,face_ear_std,face_ear_min,face_mar_mean,face_mar_std,face_mar_max,face_pitch_mean_deg,face_pitch_std_deg,face_yaw_mean_deg,face_yaw_std_deg,face_roll_mean_deg,face_roll_std_deg
Y2C-001,2nd Year,5,4,Positive,High,Positive-High,True,0.12697459506834374,0.05386494120916191,0.19949428737163544,0.08328979382098749,0.034304704678813726,0.12860824167728424,0.010400882255735582,0.006471372228876702,0.04344012215733528,0.04407518886928928,0.0316432901106479,0.17950457334518433,0.041927382895915674,0.0232552975929554,0.13930408656597137,0.0002458815707259105,0.000304096239983109,0.0009082395117729902,1.3814862199488932e-06,1.4293004877152928e-06,4.622713731805561e-06,5.92483322663909e-07,5.295381362422659e-07,2.154290314138052e-06,0.13958356092716084,0.03618207560503628,0.19886688888072968,0.11479356383969044,0.03433803165393002,0.1619187295436859,0.09330146162417428,0.0298920393165412,0.21297846734523773,0.10361369866235502,0.030234095813741344,0.22389909625053406,0.011252408237035933,0.00534162713354617,0.04739135503768921,0.22693319259018735,0.048361976932873474,0.34570789337158203,0.21893537866658178,0.04119619338171744,0.33035776019096375,0.021327569181549138,0.008908944216146446,0.07116170972585678,0.10649665573547626,0.03351128609582148,0.177865132689476,0.08722457257581168,0.026476541408874652,0.14039911329746246,0.5997135392550764,0.0728785520940616,0.6872129440307617,0.3751663288165783,0.08512000245155783,0.4607609808444977,0.0061037953469324216,0.003060678900116867,0.012630869634449482,0.004762649293266365,0.0034494220553553893,0.012874898500740528,0.0004998501445102035,0.0005929616229826282,0.0018675019964575768,0.0003292959785351835,0.00017883408913512593,0.0007168521406129003,0.048789184606997375,0.06288977287868802,0.17687146365642548,0.0003812996318323524,0.0005018318814911431,0.0015427059261128306,0.0017556977479122498,0.001796031811912264,0.005616811104118824,0.0062443717204210955,0.0075547835572589055,0.03525865077972412,0.005026786449638292,0.0034870181801784435,0.016795391216874123,0.002173375852462727,0.0030797871718533337,0.017440825700759888,0.002262250133534163,0.003064268728177477,0.01650320366024971,0.01925890916779814,0.02440403169534241,0.09349372982978821,0.000757984261295421,0.0005235585180651492,0.0017752537969499826,0.028059942152296947,0.040001731954440733,0.13123561441898346,0.06252008599635858,0.09414462400989253,0.3133370876312256,0.07152059160429856,0.053719426861064214,0.1931198537349701,0.04780549644331994,0.025743331054811507,0.11044332385063171,0.024380864732063794,0.030076038031852156,0.14434091746807098,0.0024077021311125556,0.0019386901208420962,0.0077902283519506454,0.003569979957256723,0.0019413317146345281,0.00943772029131651,0.004368756361333814,0.004387947662660154,0.011700700037181377,0.10033130829708234,0.11792714380940791,0.3124915063381195,0.04362402188366857,0.02824508848063846,0.12989994883537292,0.5118379186967323,0.27957534327083466,0.900909423828125,0.5243955028468165,0.30006347344468876,0.9267990589141846,0.034995414517370274,0.023746622118309257,0.08451282978057861,0.06925681562580425,0.04663023763007979,0.16701167821884155,0.21226789013297973,0.2791726639540125,0.7386302947998047,0.25398483477404404,0.315703824071126,0.8332183361053467,1.7656071569380684e-06,7.219390683903863e-07,3.7290285490598762e-06,2.8704654143580387e-06,2.2016128346073082e-06,7.736213774478529e-06,0.5181167107717745,0.288678431683708,0.9134691655635834,0.002217812992998445,0.003065751349337191,0.0169720146805048,0.10513219444466562,0.04389210702684717,0.16204915940761566,0.010400882255735582,0.006471372228876702,0.04344012215733528,0.048789184606997375,0.06288977287868802,0.17687146365642548,0.48743993403582736,0.11656434024489877,0.04627236176146405,0.00869041263371373,0.25552647612338564,0.01874431214079859,0.23505887141765938,0.10626834571959808,0.10735615813772452,0.26938692231401096,5.281080487783242,1.0719867009936317,-1.5648729578773453,0.35823646036934564,-0.04368348624382354,0.6456078252413573
Y2C-002,2nd Year,3,4,Neutral,High,Neutral-High,True,0.162503914368089,0.1303164114193367,0.38808515667915344,0.18150711650165116,0.1031384898395691,0.369012713432312,0.028293528804192093,0.05457287777322205,0.3492754399776459,0.031614730685449594,0.03227797152157892,0.16929419338703156,0.018597477746037084,0.014285561216061475,0.057301800698041916,0.00010992733161135508,6.610435485932613e-05,0.00027143393526785076,7.381719945542278e-07,5.546128911755742e-07,2.2797580641054083e-06,3.9902869431438286e-07,2.0512984663897676e-07,7.581489285257703e-07,0.24097001734303264,0.09492055740406774,0.4697500467300415,0.25734588031361744,0.13610171028770585,0.5193676352500916,0.2715026527279761,0.11588767852667287,0.5066744089126587,0.28566281570167074,0.10862266775150724,0.49330583214759827,0.05011541589458541,0.04643481335436785,0.141296848654747,0.15939897917801651,0.1306964406953171,0.3698653280735016,0.1707756176772641,0.10876309334243786,0.35858941078186035,0.11152067623759915,0.12358298479345306,0.36857300996780396,0.042957745946762035,0.016861463202825763,0.0763430967926979,0.03989262556339183,0.01734663366382646,0.0830235555768013,0.48645692046095684,0.08183242602367481,0.6487112641334534,0.48642812560244303,0.08346979915682066,0.6105762720108032,0.003494999591522373,0.0014559245670616263,0.005997140426188707,0.0023608823404817772,0.0013177467057842764,0.005029786378145218,0.0007416243947440441,0.00029877556102760993,0.0014823743840679526,0.003093331565274062,0.0026569039955563045,0.011914276517927647,0.11287250450426121,0.08910043050258562,0.3747589886188507,0.00010513674848281393,6.477357824993063e-05,0.0003157955943606794,0.012227941416601492,0.015931339029628896,0.07045379281044006,0.005259156380439314,0.008446800358696596,0.044320959597826004,0.0013108634242288222,0.0005771474792852696,0.002621786668896675,0.0002264147243938457,0.00021236279328239971,0.0008345821988768876,0.00024810272866378045,0.0002564365695839336,0.001017626142129302,0.10373656690211558,0.08438324539842806,0.2741539478302002,0.0009320355829691923,0.0005471945617939517,0.0024273977614939213,0.012506563895063974,0.00985252638204716,0.03805084154009819,0.021547520601349634,0.018143203185059388,0.06797557324171066,0.013340069952125593,0.011071348260807488,0.05184148997068405,0.005921644740737975,0.0048164897577454005,0.020198669284582138,0.11811469281773741,0.08614828432290542,0.31486356258392334,0.0007888468322429307,0.0007399010539833419,0.004273934755474329,0.0008017538284326381,0.0003487187884856795,0.0017254599370062351,0.004648756656068854,0.005139827755482006,0.0277955811470747,0.000220405968653589,0.00024308503553324877,0.0008934855577535927,0.006395378443923574,0.00379314148150582,0.015559284947812557,0.3723086707276951,0.20385623742474324,0.6454671621322632,0.34082385448017727,0.2145855369625985,0.6727230548858643,0.042131761601478676,0.0453918448025358,0.14922502636909485,0.07798695569238966,0.07744112074704342,0.2814147472381592,0.012895988768588456,0.012584625904573836,0.04680732637643814,0.018450264446650315,0.020034196211303902,0.07873374968767166,1.0882380421185744e-06,5.465406239203287e-07,2.531906375224935e-06,2.548517957665154e-06,1.3687749964285763e-06,5.724868515244452e-06,0.35656626260393615,0.20748692204591695,0.6590951085090637,0.0002372587265288131,0.0002338872888092472,0.0009261041705030948,0.17200551543487008,0.11605501815411917,0.3785489350557327,0.028293528804192093,0.05457287777322205,0.3492754399776459,0.11287250450426121,0.08910043050258562,0.3747589886188507,0.48644252303169994,0.007837472492809638,0.04546312801103885,0.011758185414801822,0.21202161654562068,0.04786684462972406,0.11766964868508212,0.16135256342645019,0.05941453046784509,0.27211624855154415,3.3314490162489094,3.8973737019157095,0.9186523830984408,5.342855506759075,-0.03351606552007661,6.10104925540373
Y2C-003,2nd Year,4,4,Positive,High,Positive-High,True,0.05212068477080071,0.07956803611852664,0.2971521019935608,0.043488027664439176,0.07021229934994085,0.27578994631767273,0.18742935520242013,0.16225266503167496,0.6475071907043457,0.10560540156438947,0.06066581125460403,0.238839253783226,0.09706928135295,0.06113326957148761,0.2662331163883209,0.00027262164907629734,0.00018375160704436333,0.0006330928881652653,1.935022204352641e-06,1.0014904927984468e-06,5.475278157973662e-06,7.796836876022575e-07,3.373847833872364e-07,1.6006342775654048e-06,0.08985762644026961,0.024186628640907686,0.13911843299865723,0.06032200272948969,0.019789040548026535,0.11513348668813705,0.06754771172113362,0.05823730445080822,0.24092091619968414,0.09336976538456622,0.0735544050497233,0.2719419598579407,0.3034070229956082,0.07310686154812757,0.4291585683822632,0.009432787774130702,0.003744988827498172,0.022252049297094345,0.017686327475877034,0.007562994973257186,0.04002687335014343,0.31796832666510627,0.05473655546512762,0.43141624331474304,0.19160638935863972,0.07615755713331829,0.28901293873786926,0.16441754571029119,0.07492064697551819,0.26207682490348816,0.4890304910285132,0.06869554048205148,0.5829311609268188,0.16245613229416667,0.048220497242377924,0.36850056052207947,0.010510732763491216,0.002073723323960733,0.013740607537329197,0.011530552003976135,0.0025499331612555695,0.015569687820971012,0.0013293601867709576,0.0007480944972412106,0.0033029806800186634,7.966770934737204e-05,8.06047631978698e-05,0.0003701921086758375,0.0628360724741859,0.05116816296146819,0.22617803514003754,0.00673683398192571,0.0061968446558980554,0.028275469318032265,0.0009325497681164139,0.00048658979351131823,0.0022366850171238184,0.0020870350389963106,0.0020340076862381414,0.008210532367229462,0.008559751077665993,0.006776368320123496,0.031615130603313446,0.0015986621936982764,0.0008459856429895694,0.003294950118288398,0.001139853090925109,0.0006928628959306353,0.003007292514666915,0.010058134478250784,0.005642021180235189,0.025498181581497192,1.9057276423003106e-05,4.0568624525876965e-05,0.00016194232739508152,0.2840686236741021,0.20156147318387643,0.5988589525222778,0.34272207971662283,0.22057779440732248,0.652381181716919,0.039596124374795524,0.03177136621419438,0.1467943787574768,0.030373598626326947,0.012587767551572933,0.05625535175204277,0.009103078614099928,0.009168270347756032,0.032600030303001404,0.1348294366478166,0.09379929668666774,0.3238449990749359,0.003072732191954163,0.0017998400068242719,0.009769889526069164,0.009831769757771067,0.005657263250301209,0.025452427566051483,0.0006006320819280864,0.0005965443531096445,0.0037514877039939165,0.012019702574304705,0.012308215490906622,0.06590991467237473,0.13730464577175944,0.23567599184489837,0.7239313125610352,0.16866354435859693,0.25289962689572026,0.7663493752479553,0.06490197820433725,0.07359052424199296,0.2642802298069,0.055315244743334394,0.04710543687365212,0.19419462978839874,0.09209852537575595,0.10753136798733869,0.4129151701927185,0.15925919980465897,0.1496467168080358,0.4966816306114197,5.029090437974879e-06,2.2086412080366692e-06,9.084113116841763e-06,2.595369724509683e-06,1.0649136459966166e-06,5.1936540330643766e-06,0.15298409506517818,0.24380153148561345,0.7439163327217102,0.0013692576423116926,0.0007184358133049,0.0028027306543663144,0.04780435621761994,0.07478078325095022,0.28647102415561676,0.18742935520242013,0.16225266503167496,0.6475071907043457,0.0628360724741859,0.05116816296146819,0.22617803514003754,0.32574331166133996,0.06284133741014435,0.050049935889233274,0.01030335847960407,0.31447323173015174,0.01290248400505234,0.28096955250051764,0.21768732922898718,0.11459543142412665,0.4511449314256035,1.4322076689496879,3.6449717272448705,-6.3470275962954945,1.9208095392589317,4.142985740967848,2.5416991308085435
Y2C-004,2nd Year,4,4,Positive,High,Positive-High,True,0.005430514516774565,0.004800478759934203,0.02047896571457386,0.0039033235825627344,0.0032312058860454332,0.01743892952799797,0.3074073866009712,0.07331952644293223,0.4634816348552704,0.3576964868698269,0.13238634286793616,0.5337299108505249,0.1609451131662354,0.08986470099389078,0.4192969799041748,7.031827374248678e-05,6.548822549185768e-05,0.0002159914147341624,8.085199993956849e-07,1.0815050778913832e-06,2.847898031177465e-06,9.944823478602594e-08,1.1225030229045815e-07,3.404326207601116e-07,0.24466667044907808,0.0730680809749911,0.38279226422309875,0.2770330491475761,0.10407002422614337,0.4106791615486145,0.5643615135923028,0.06159734849565732,0.6701042056083679,0.5616539223119617,0.061193527998602434,0.6754328608512878,0.014773940452869283,0.020870696119660172,0.06970842182636261,0.2821164961787872,0.17338289388504163,0.5520075559616089,0.38256080891005695,0.18101585714044166,0.6775568127632141,0.0567217216885183,0.06345843172347224,0.2121569812297821,0.010699581078370102,0.0040262870605302595,0.024226324632763863,0.005528723901079502,0.002497748688216049,0.012487017549574375,0.2408157209865749,0.05036132058336861,0.4039163589477539,0.1861918040085584,0.032251847203336535,0.23370209336280823,0.005733859688916709,0.0015465062612750548,0.0086394427344203,0.002755197403530474,0.0027702798654274468,0.010491621680557728,0.0007456700612920031,0.000617260001681717,0.002071071183308959,0.0010665378899830102,0.0005970334952830027,0.002338024787604809,0.012243600561305357,0.017405042702431758,0.04968469589948654,0.00011966780306238434,0.00011821792704405145,0.00040752472705207765,0.00015837518327543876,0.0001553274085194828,0.000569682742934674,0.001603681365850207,0.0007322813751287788,0.003930313512682915,0.03118285720120184,0.034864347649336665,0.17519208788871765,0.0005756198200259632,0.0007379769364310503,0.0027617623563855886,0.0005473078539921516,0.0006411263568770875,0.0025112582370638847,0.04786434630295844,0.03700807943684249,0.16377243399620056,0.0036515549354589893,0.0028045357098748958,0.010814412496984005,0.0879393982104375,0.10509773167381918,0.3515223264694214,0.06478791719769106,0.09712538611964046,0.3171730041503906,0.006305985436483752,0.00716869700808607,0.02289879508316517,0.0696210439200513,0.0329787121155745,0.16171538829803467,0.21867865818785504,0.20209381086934514,0.6686899662017822,0.0006490566438515089,0.0005746219605040164,0.002115636831149459,0.002005120133617311,0.0021971166887822485,0.006258703302592039,0.0006942379332031123,0.0005256373644867523,0.0015244234818965197,0.006502989132059156,0.008702661120335539,0.032494377344846725,0.06019376529729925,0.034966683234520055,0.13640013337135315,0.015276528103640885,0.029473862113459887,0.1316336989402771,0.03478934696613578,0.06515100639759856,0.2548937499523163,0.0018518783512035952,0.0016988050667281508,0.004784765653312206,0.013007583617991259,0.027364196727540008,0.09126399457454681,0.14558653856511228,0.1616682422990417,0.43985486030578613,0.25116925430484116,0.21801920264598867,0.5685746669769287,5.32039108236404e-06,2.300268058477027e-06,1.1802144399553072e-05,1.2353310467894119e-06,1.3477186526005533e-06,3.8063244574004784e-06,0.025032937534888333,0.04714494733464305,0.1932637244462967,0.0005614638370090574,0.000686064081438419,0.0026365102967247367,0.00466691904966865,0.003922124498912006,0.018958947621285915,0.3074073866009712,0.07331952644293223,0.4634816348552704,0.012243600561305357,0.017405042702431758,0.04968469589948654,0.21350376249756664,0.09919058714802065,0.04365237328528212,0.012519642196193219,0.21661640804202986,0.022967795917237806,0.17071835236117505,0.20533216239289775,0.1053111654523607,0.36294471573705667,-11.248669950890585,1.8628954711927905,9.032467785137555,6.173994843029822,5.792744023970181,3.8367671806323633
Y2C-005,2nd Year,3,2,Neutral,Low,Neutral-Low,True,0.0044740284235255485,0.003449345890664813,0.01146891713142395,0.01004318584940241,0.008430307231449427,0.025682222098112106,0.24521350457022587,0.085196563308419,0.37905311584472656,0.33831470645964146,0.11797435723291835,0.5070399045944214,0.15060468887289366,0.060360018056186245,0.23383796215057373,0.0003481412313703913,0.00023050240062973582,0.0006992241833359003,1.0252571816711982e-06,4.2115899671432946e-07,1.7149646964753629e-06,6.420088383881269e-07,2.9454907988438937e-07,1.178285288006009e-06,0.37642855073014897,0.19329574255813056,0.8310916423797607,0.2925199531018734,0.1671524451137423,0.6674383878707886,0.5634368124107519,0.1467827908644075,0.8388484716415405,0.5170687617113193,0.15997026385855184,0.8276973366737366,0.16391601910193762,0.04597513934228993,0.22905437648296356,0.022211296367459,0.008333743844830589,0.03973979502916336,0.03669332806020975,0.011027291972832913,0.053310081362724304,0.1671316409483552,0.035614732903476796,0.20898696780204773,0.011899309232831001,0.007612885114672059,0.03385990113019943,0.00935886470930806,0.007242318305643804,0.03336310759186745,0.21578985763092837,0.06334827721943385,0.34642690420150757,0.18864459544420242,0.05211621138156851,0.2850933372974396,0.0037214474383896836,0.0019332215009057402,0.0065703927539289,0.0020510056438070023,0.0012333286661500918,0.004074603319168091,0.0013534872317298625,0.0008501992384048182,0.002506381133571267,0.006093482351085792,0.0022461315737458184,0.011357522569596767,0.04302951872038344,0.035428539042931945,0.1029289960861206,6.112148510813616e-05,4.5669794644875976e-05,0.00012461082951631397,0.0010605533486038137,0.0005733545754789452,0.0019639062229543924,0.017305991146713495,0.005784019881961922,0.031250473111867905,0.01999999825299407,0.013360036540082328,0.043573666363954544,0.00010447264935464773,6.078864317183823e-05,0.000261862063780427,0.0001752364508623335,0.0001280035480041451,0.0004923111409880221,0.035677127074450254,0.024155223142534057,0.08799313753843307,0.0037496285319017866,0.003580319842601485,0.012906741350889206,0.1518281803970846,0.12507959916488576,0.3598489761352539,0.22010796899364019,0.18374013442868098,0.4693679213523865,0.05189435711751381,0.018949711868284123,0.10474325716495514,0.17385092486316958,0.1365177405592435,0.4568745493888855,0.035953446718243263,0.02715467477804688,0.0968579426407814,0.0005808125739955964,0.00032883637357527596,0.0011558837722986937,0.007791100225100915,0.002590499856799419,0.012957725673913956,0.008969468210125342,0.004919782934619207,0.016120092943310738,0.012294842075789347,0.013775477218070516,0.03584638237953186,0.06800001553104569,0.06326399626369981,0.17321233451366425,0.24659929133486003,0.2081614290551527,0.4965760111808777,0.29074615926947445,0.2425916014041452,0.5785291194915771,0.001291236563702114,0.0011251289864853597,0.004843379836529493,0.014713274208285535,0.011109955287493596,0.047459617257118225,0.40526230819523335,0.1454872242911978,0.6010339856147766,0.4573582547406356,0.12746243345006686,0.645944356918335,4.9790155287610105e-06,1.9079998529384393e-06,9.610903362045065e-06,3.676579619119972e-06,1.5972005063317081e-06,6.016981842549285e-06,0.26867272530216724,0.22521814427574652,0.5375525653362274,0.0001398545501084906,9.369872796176159e-05,0.00037708660238422453,0.007258607136463979,0.005918549624009795,0.0185711532831192,0.24521350457022587,0.085196563308419,0.37905311584472656,0.04302951872038344,0.035428539042931945,0.1029289960861206,0.20221722653756538,0.2156573046327542,0.050504984694497046,0.012407452905413206,0.20997484065037023,0.06242082468352852,0.05372422185403709,0.2661081268024531,0.06029194437596801,0.3300489564866051,-7.873301084414344,3.6052008450547843,4.552689972385454,0.6457633009144218,1.1180945600246077,1.0069719719267225
Y2C-006,2nd Year,4,4,Positive,High,Positive-High,True,0.16347955310573944,0.048337339425809846,0.26064544916152954,0.108015555028732,0.022561429886378086,0.15870539844036102,0.00708808412309736,0.003605133700809287,0.014030151069164276,0.006695093837781594,0.001643520729003438,0.01277542021125555,0.013316485994996933,0.0025142412203038754,0.023254984989762306,0.0002791829165989139,0.00014112191605102667,0.0005251101683825254,4.945337158582893e-07,4.401882647556512e-07,1.3297928944666637e-06,2.6065563792835394e-07,1.6109607518334762e-07,7.066402076816303e-07,0.2945956295499435,0.024615637066505863,0.33585822582244873,0.22604108831057182,0.028867491837784167,0.2627563774585724,0.18263555948550886,0.027766714141069654,0.2370971441268921,0.1913231651370342,0.0233637463449346,0.2342657744884491,0.07891642116010189,0.09164231077508711,0.3030340075492859,0.12259477502308212,0.07756290446994307,0.2495119869709015,0.12029457257057612,0.07720560316983928,0.2511732280254364,0.07857512199104978,0.091955700655584,0.3056599199771881,0.06640681423819982,0.007646611524966512,0.08457104116678238,0.06062949147935097,0.008000462978848464,0.08047310262918472,0.5671915320249704,0.06285403909522846,0.666050374507904,0.5166395650460169,0.023006159225157197,0.5564576387405396,0.002768663689494133,0.0004640679063416644,0.0037729984614998102,0.001890022894188475,0.00017260669878543114,0.002164234174415469,0.0013374734631864927,0.0005174266841489274,0.0021503136958926916,0.026295694997175954,0.019548873517197696,0.060467664152383804,0.12208984983870043,0.052023496340952075,0.1889757364988327,3.5864528661897144e-05,4.3003799687403375e-05,0.00016959743516054004,0.003369779961828429,0.001109181586099817,0.004536889027804136,0.02075919217000214,0.023167943034308823,0.09851206094026566,0.0149196854685075,0.012225511215356005,0.06177787482738495,3.0882745899309434e-05,3.741733021880774e-05,0.00011466856813058257,2.849445247276295e-05,3.3920711980980134e-05,0.00010189513704972342,0.16192956305950737,0.12410344098852774,0.455057829618454,0.007691267868862129,0.004027409402274746,0.015284902416169643,0.10581951982413347,0.051510225955716055,0.17048530280590057,0.15823185810810314,0.07463399189211234,0.2496890425682068,0.018994440629075352,0.0389982731043728,0.1593746840953827,0.025304901538989864,0.0470937755020538,0.19743730127811432,0.12597881581705922,0.0709281635379051,0.252144455909729,8.817165507934988e-05,3.597228756443563e-05,0.0001681294961599633,0.001151902104118982,0.0007386760083181195,0.0026998629327863455,0.008405212348756881,0.003299547850848059,0.014391855336725712,0.00039731544501801883,0.00041635575262126846,0.001257794676348567,0.005228031735616521,0.003640006110832225,0.010371803306043148,0.5623487608077434,0.20598756955239075,0.7893835306167603,0.48952535812098247,0.20474253573424336,0.792775571346283,0.00276904847795287,0.0020767195760375114,0.007175917271524668,0.0033164838073739353,0.003572300575606557,0.014303639531135559,0.28231175089996,0.26763201092301464,0.6692025661468506,0.29121257853680266,0.27380664739205035,0.6928794384002686,7.203192146002598e-07,2.1054318245467e-07,9.732780199556146e-07,1.5685995485079309e-06,7.37546319830872e-07,2.9345694656512933e-06,0.525937059464363,0.20461320190126936,0.7910795509815216,2.9688599186036194e-05,3.566417491174588e-05,0.000108281852590153,0.13574755406723574,0.03491877839915315,0.20967542380094528,0.00708808412309736,0.003605133700809287,0.014030151069164276,0.12208984983870043,0.052023496340952075,0.1889757364988327,0.5419155485354937,0.14338165458888147,0.04137017232370027,0.008298918603330204,0.19600522722880998,0.009318350989119048,0.18743974993799306,0.2414439559240415,0.07599580585131732,0.29271002694346143,4.64548968396615,1.289264996708982,0.20738959801205453,4.113171851490959,-0.014927265589453906,0.8761274379295598
Y2C-007,2nd Year,4,4,Positive,High,Positive-High,True,0.003450959686340545,0.0014142312543631115,0.005654018837958574,0.0033338444858707268,0.001737066591025602,0.008386903442442417,0.13895908085738912,0.042371943315652326,0.28670790791511536,0.3951129913330078,0.06852412012068204,0.5553383827209473,0.15569713317296086,0.03180362082915974,0.25811290740966797,0.00032028975561736254,0.00023297485825512373,0.0007330135558731854,1.0866136744378791e-06,6.047578561523363e-07,2.3421798687195405e-06,2.8965586478377377e-07,1.8087035699600468e-07,6.116004556133703e-07,0.14940370312508414,0.1257194945328582,0.5361947417259216,0.10646139644086361,0.07642607239516976,0.32969725131988525,0.18211805710897727,0.089900366324847,0.42561715841293335,0.18478378631612835,0.07741678848425339,0.4025047719478607,0.0499675357440377,0.10443476837628451,0.42129769921302795,0.5027160799158189,0.27963729668518983,0.710631787776947,0.483875419561039,0.2606928678729853,0.6859797239303589,0.05338163203422857,0.10073940102034494,0.3987388014793396,0.057221698136452365,0.019693841946666825,0.09469465911388397,0.04519122970454833,0.016124793634571102,0.08636943250894547,0.38146156686193805,0.038051608101263124,0.5222617983818054,0.2948344687328619,0.07403046291990416,0.4368043541908264,0.01004463095930131,0.005040098151663855,0.018820296972990036,0.0038754091296783265,0.00140148100124842,0.006468902342021465,0.0011301732794142,0.0008979964432388303,0.003788929432630539,0.006747356335194234,0.005674320003519721,0.027266867458820343,0.03879404310410952,0.033061950362279775,0.16878065466880798,3.2906158219916775e-05,1.37714871556042e-05,5.678047091350891e-05,0.0023520738434265644,0.0015599294841528168,0.005893739406019449,0.0029440223990925864,0.001720255566255055,0.005768259987235069,0.007627572467112366,0.0038517212234043725,0.021397585049271584,0.0024203623046667095,0.0030049897579078333,0.013018351048231125,0.0024986742819772404,0.003164148670766244,0.012572565115988255,0.008460432845715652,0.003099250955110065,0.015887131914496422,0.0008414936239526415,0.0006613248785961126,0.0024883353617042303,0.045571142816162834,0.057973358161727696,0.2602502405643463,0.04837121281568269,0.06009264604105266,0.2766812741756439,0.01871089930714601,0.011079276606354207,0.03402290493249893,0.055651481646825283,0.027398171738324713,0.13445265591144562,0.0729057753650362,0.16505225437992763,0.5765789747238159,0.001162944766025141,0.0013747353849532854,0.006747388280928135,0.008804962405359702,0.005471971261708451,0.023342326283454895,0.007978582453420934,0.006534180537165579,0.026123231276869774,0.011293850888785742,0.012451288710184987,0.049383580684661865,0.051797141759272886,0.03647524107632804,0.14539241790771484,0.2291584303320633,0.23036794720894418,0.5801029205322266,0.2513806218809323,0.23508181567364664,0.6057969927787781,0.010804901394294575,0.011513670468131431,0.050989340990781784,0.04618649815572152,0.07065891388926986,0.3330804407596588,0.2506071415632237,0.17105397325287416,0.48486098647117615,0.33688541508865244,0.21039467471849016,0.6114157438278198,2.277323951168054e-06,1.6864901347624087e-06,7.025673312455183e-06,2.7716272524128604e-06,1.676458157160285e-06,5.264219453238184e-06,0.2402695261064978,0.23232711254978144,0.5929499566555023,0.002459518293321975,0.0030795721399972647,0.01279545808210969,0.0033924020861056357,0.0014531277669133746,0.006668297108262777,0.13895908085738912,0.042371943315652326,0.28670790791511536,0.03879404310410952,0.033061950362279775,0.16878065466880798,0.33814801779739995,0.14687440140076993,0.054609435783026725,0.012250246408733624,0.2827663541728012,0.04948232651216598,0.1366739163302791,0.19416912345158557,0.07927214498562267,0.32836200689009004,4.897156124677908,0.9030344537722362,12.202237811425933,7.152002962054112,2.4541949596173858,0.6895674968489609
Y4D-008,4th Year,3,4,Neutral,High,Neutral-High,True,0.11192239287872023,0.0945240189579428,0.2510420083999634,0.14673944560005717,0.0980994183429288,0.2738840579986572,0.15183227664480606,0.26930698736815006,0.7905145883560181,0.11378398242716987,0.15346063389675924,0.49343472719192505,0.07896976787984993,0.13190510125905888,0.41660889983177185,0.00018439306283350257,0.00014014543153208572,0.00045842042891308665,1.0952850189038799e-06,1.9269019323400134e-06,6.743065114278579e-06,5.264558605351984e-07,7.253239825346608e-07,2.642104846017901e-06,0.23593133191267648,0.03862188394232532,0.32625749707221985,0.2436183119813601,0.03713295917632616,0.32286790013313293,0.4659554821749528,0.08628156166037992,0.6061898469924927,0.45441459616025287,0.08158320042835333,0.5951300859451294,0.1886475964759787,0.11304145550532138,0.44521647691726685,0.025875665344453107,0.017400094117634633,0.06738311052322388,0.038719903910532594,0.01638504495057037,0.07192337512969971,0.1856781868264079,0.09668938335023722,0.4092976748943329,0.0192131808726117,0.005522919955195765,0.0326734259724617,0.012044047335317979,0.003581160624426926,0.02182174101471901,0.3465861889223258,0.07026694487575297,0.47436222434043884,0.21515895798802376,0.036239867269873244,0.2671809494495392,0.00617498157468314,0.0018995479426334562,0.01034259982407093,0.0017457076125234987,0.0008032452156535638,0.004103435203433037,0.0032325795424791672,0.003260140037075689,0.010332521982491016,0.003575589779453973,0.002152132309965503,0.0075409431010484695,0.024452677345834672,0.01205371812362898,0.04918902739882469,8.742000113670656e-05,7.655977735318663e-05,0.00029272548272274435,0.0003030941012790815,0.00016804276301487584,0.0006343917921185493,0.009130589382645363,0.006163489825128468,0.018976887688040733,0.004834730003494769,0.004034781012932956,0.02055349573493004,0.0008966362007261827,0.0014883596078534382,0.005220351740717888,0.0011406299791853296,0.001888221367731089,0.00658370228484273,0.06042273334848384,0.03634558952199307,0.13336072862148285,0.0006966241044210619,0.0004861366845830013,0.0013930206187069416,0.2662407694927727,0.25442326239323687,0.7013959884643555,0.32657023744347197,0.2616683983791601,0.7262506484985352,0.0200702923660477,0.0038820992006908172,0.029590601101517677,0.020830434106756,0.017304930425873184,0.06116349622607231,0.04317872379518425,0.033623787752228566,0.10642676800489426,0.0009641847233676041,0.0004099224434791222,0.002194550819694996,0.0014798224159070135,0.0009683881581982044,0.004330621566623449,0.009770808198178807,0.007390132120145571,0.022739067673683167,0.000350740117028181,0.0003815990532781675,0.0014099798863753676,0.010050852074831104,0.006772538536317802,0.02436196058988571,0.042007692628734127,0.05489170129718527,0.18086980283260345,0.04693660794146126,0.06032818316934762,0.19563476741313934,0.04273859909881139,0.08310899174207301,0.27700114250183105,0.12238317775154428,0.20703581072439498,0.6459804773330688,0.24739592447682904,0.2644605488981547,0.6803430914878845,0.2725601024770488,0.29803952317216037,0.7526453137397766,6.661083763977634e-06,5.546935918737708e-06,1.876299938885495e-05,1.8190541576738422e-06,1.4421488098486068e-06,5.010476343159098e-06,0.04447215028509769,0.057492576336514535,0.188041590154171,0.001018633089955756,0.0016867439335455424,0.005902027012780309,0.1293309192393887,0.0926618874351209,0.2550557628273964,0.15183227664480606,0.26930698736815006,0.7905145883560181,0.024452677345834672,0.01205371812362898,0.04918902739882469,0.28087257345517475,0.12999112677294988,0.058347102040762426,0.014414419047292078,0.23059769377218475,0.009112932388449888,0.22117411568243947,0.2671710992454086,0.07636150011464961,0.37550912765086436,-7.837782277530624,4.256468524188824,7.765298473602861,2.6619055065587425,-8.887904606834732,2.7769291207127624
Y4D-009,4th Year,3,2,Neutral,Low,Neutral-Low,True,0.009100755977937403,0.0036911235544971497,0.02042960189282894,0.023115615497398025,0.009358687828634832,0.03945140540599823,0.008996774942395003,0.012721756120601432,0.0795602798461914,0.20865312415887327,0.04738139414160734,0.307983934879303,0.06017560314606218,0.029090322447979447,0.1840440332889557,0.00010692476731117709,0.00013946232642221754,0.000401818921091035,1.1186250608161305e-07,9.25799915703572e-08,3.1243283160620194e-07,9.395428926365291e-08,5.9420450906210246e-08,2.3332573562129255e-07,0.3043840457411373,0.09873717054770127,0.6179083585739136,0.353747955578215,0.08720427250094977,0.6034442186355591,0.46830978638985576,0.11074538083123657,0.7261037826538086,0.42484478038900036,0.10676729612463831,0.713300347328186,0.09732894856921014,0.14095117292695983,0.5374037027359009,0.08655527801773347,0.035283312527242,0.14065851271152496,0.08517602114828632,0.03492927201787719,0.14011628925800323,0.09234035393113599,0.13346429485493994,0.5105729103088379,0.023998713463216144,0.007867194729134778,0.04544190689921379,0.016641646240125683,0.006792716680917747,0.03752691298723221,0.3486158541020225,0.06368760158574782,0.5288214087486267,0.3403998223297736,0.06874078937180873,0.49937739968299866,0.004191065381746739,0.001144141539026048,0.006061462685465813,0.0012957860779030906,0.001051009602375099,0.005849148612469435,0.0006916744030283607,0.0008269593545045783,0.002357193734496832,0.0007536325139132232,0.0008502033286564487,0.002922413405030966,0.030036875474359154,0.05241753765664596,0.15885359048843384,0.00011822537456229089,0.00011593312818829214,0.0003901665913872421,0.0009170300418190891,0.0010478221903724287,0.0033560835290700197,0.012848727076369174,0.008511577545763087,0.031203577294945717,0.031326361069017476,0.023420353993706906,0.11146216839551926,0.00010759895093649582,0.00019875940695743106,0.0009964756900444627,0.00011328402623642913,0.00021637700987881277,0.0011074907379224896,0.031013490766567616,0.03348285096368663,0.1176772266626358,0.0016061136634294491,0.001335196386022843,0.005111915525048971,0.08934577252159001,0.1451663659154776,0.44518110156059265,0.0883516008101223,0.1530427974182515,0.4863296449184418,0.05509656500619124,0.05943926067946164,0.1849638968706131,0.11390372453367009,0.07444656355060218,0.3023131787776947,0.04112319675657679,0.0517193707622096,0.1984124332666397,0.0008335034392931609,0.00043789207384754315,0.0022907033562660217,0.0015822611158535652,0.0010511013599966944,0.004480103496462107,0.0025991933783670366,0.0021489776744644945,0.009958114475011826,0.024666185832971036,0.04343686052932739,0.1697005033493042,0.011489815462161513,0.007556618741427918,0.029035232961177826,0.17998371506109834,0.1379335729391422,0.4870014488697052,0.23426846351803227,0.1310718743159225,0.4733288884162903,0.0025178662686170463,0.0016032333321456273,0.006961368024349213,0.003396943213267471,0.0020248491776707705,0.008030733093619347,0.08457712553653811,0.1084839894781113,0.2951399087905884,0.14660131201312385,0.18348408408404682,0.5149636268615723,1.500695911799459e-06,1.0788036404740496e-06,6.761308213754091e-06,3.736343296455904e-07,2.421894836871046e-07,7.882086379140674e-07,0.2071260892895653,0.1321611765453376,0.48016516864299774,0.00011044148858646248,0.00020734961729772017,0.0010519832139834762,0.016108185737667716,0.0053888697773638115,0.02824705932289362,0.008996774942395003,0.012721756120601432,0.0795602798461914,0.030036875474359154,0.05241753765664596,0.15885359048843384,0.3445078382158981,0.05779507796997585,0.04363178094608537,0.012039999640089033,0.18887466664088162,0.04200941319347809,0.0639956705947568,0.14209203625425568,0.13837083999313235,0.41683546986487746,-10.296629436262897,1.574959607156194,1.8323073334878073,1.4721183044616202,-7.096713558382188,2.57652450339224
Y4D-010,4th Year,2,4,Negative,High,Negative-High,True,0.055385443370323625,0.054234297474601005,0.15969979763031006,0.022791000929137228,0.021574237987156103,0.06771232932806015,0.29082594469189643,0.258793660498398,0.7318649291992188,0.14398808233439922,0.14861020425943258,0.3920925557613373,0.13964451175183057,0.15275237010816484,0.4340898394584656,7.724455346760806e-05,5.9964788760695976e-05,0.0001963748363777995,7.357456337331314e-07,3.958441137361892e-07,1.8825824099621968e-06,1.9449655297876233e-07,9.04704767824885e-08,3.786989850596001e-07,0.2056334149837494,0.03617684371424395,0.252850741147995,0.15734203517436982,0.019707104468113627,0.20087820291519165,0.2182033935189247,0.12222792996889564,0.44796866178512573,0.21553493678569793,0.1103460701865659,0.4232243001461029,0.06847015053033828,0.03765915197038039,0.16496022045612335,0.0853092311322689,0.047837580256691804,0.24815136194229126,0.08614156484603881,0.041116937093323376,0.23428677022457123,0.06660167507827282,0.033742512197679,0.14485496282577515,0.06182115651667118,0.03488794945061684,0.13341540098190308,0.06100970298051834,0.03995185981118287,0.13354404270648956,0.4256904661655426,0.06689489599651562,0.513848066329956,0.42332563042640686,0.10639734054436718,0.5519540905952454,0.003425147980451584,0.0011134277159397803,0.005849808920174837,0.0025507666543126105,0.0010293197278996738,0.005203572101891041,0.0004063764464808628,0.0003223073142509923,0.0009408524492755532,0.012108056033030152,0.007667795739826927,0.0324939489364624,0.1870119534432888,0.15859430844617126,0.519362211227417,4.534382040219498e-05,3.850822684731785e-05,0.00014795678725931793,0.07119237794540823,0.1192122657704953,0.39456358551979065,0.006460662048775703,0.009547885546986615,0.038642894476652145,0.00365721047623083,0.005469176874709247,0.02749953418970108,0.0017290121153200743,0.003649169194151476,0.015022041276097298,0.002714726804406382,0.005842881166425005,0.024319548159837723,0.06320871876669117,0.059646328397969184,0.2376263439655304,0.002432464808225632,0.0016388150161420225,0.005417719017714262,0.009537172119598836,0.009850119010275086,0.03536898270249367,0.010386543676722794,0.013141380520902508,0.04367231950163841,0.01630208077840507,0.014844331834958582,0.0668516531586647,0.021545719960704444,0.02036782057350679,0.07699799537658691,0.09503351798281073,0.09894306628655443,0.2901047170162201,0.0005281034894869663,0.0006196650941427175,0.0019746641628444195,0.013936907006427645,0.02848522956809046,0.11364765465259552,0.004095816190820187,0.004598718702383752,0.01905727945268154,0.014153215486148838,0.03206404507608878,0.12620972096920013,0.014764368725009263,0.012744601843760809,0.03935198858380318,0.03827507749549113,0.06769038811427977,0.2728748023509979,0.037336380436609036,0.05857827596210087,0.22727835178375244,0.004129989929497242,0.0033798284141779173,0.014622737653553486,0.01843928270507604,0.017672937631692105,0.06068453937768936,0.02956795859558042,0.0413076238285881,0.13040070235729218,0.030973433199542343,0.043015912723242754,0.13281676173210144,8.701673493760609e-07,2.9556699180913445e-07,1.340847688879876e-06,1.584366228826184e-06,1.0018221979311237e-06,3.7913657706667436e-06,0.037805728966050084,0.06296914150251606,0.2500765770673752,0.0022218694598632282,0.004745433132627325,0.01967079471796751,0.03908822214973043,0.03774389983954676,0.1137060634791851,0.29082594469189643,0.258793660498398,0.7318649291992188,0.1870119534432888,0.15859430844617126,0.519362211227417,0.4245080482959747,0.015135961582175242,0.04262840840787118,0.012389547287154351,0.25832941311848345,0.022121918631304388,0.2283507014809265,0.18325944073737482,0.11092452916504449,0.45130365176259013,-2.703515651239584,2.619403425006638,7.109760291325906,1.113463673528523,-1.1810521336831787,0.6317727773839622
Y4D-011,4th Year,3,3,Neutral,Moderate,Neutral-Moderate,True,0.005099142146392319,0.002518610849194667,0.009972766041755676,0.004904862920132776,0.0024246560831230044,0.009065688587725163,0.2897805304099352,0.100609800310125,0.5121908187866211,0.30997417332270205,0.06252316733406281,0.5020099878311157,0.16002850062572038,0.024962374330966094,0.20491373538970947,3.250535080904881e-05,3.120497773413647e-05,0.00014040859241504222,9.132207233838367e-07,8.838584994157296e-07,3.34601668328105e-06,2.753863873805037e-07,2.2751255209812921e-07,9.004450021166122e-07,0.1483091931694593,0.03307039934459601,0.26804280281066895,0.14763724660644165,0.06761175125492848,0.48769891262054443,0.17985034409241799,0.0486007150628673,0.29984405636787415,0.1889238922068706,0.050154469500481816,0.3095206916332245,0.06811041175089298,0.11734489721772466,0.4115898311138153,0.504432597460273,0.32192929959971023,0.8943668007850647,0.49199001476741755,0.30792592716387857,0.8862389922142029,0.0668792286887765,0.114833647117422,0.47072601318359375,0.054087295507391296,0.01985318474416431,0.14507751166820526,0.04619242107638946,0.024898386461313825,0.15196214616298676,0.3197687566280365,0.057932694641412555,0.5849875211715698,0.2426169896737123,0.03521343320682868,0.3415554463863373,0.007013305448568785,0.0018110276318990199,0.011087040416896343,0.002915323729841755,0.0012825228958601768,0.0067269508726894855,0.0003845051504844704,0.0003891118687225693,0.001880098134279251,0.0023696964452914796,0.002404301443476605,0.009007793851196766,0.011964623916309135,0.017152416663615888,0.06797236204147339,4.82407194795087e-05,4.8692935178467563e-05,0.00017592046060599387,0.0003605375315647763,0.0003062662998969349,0.0011168293422088027,0.011512746365788655,0.00661129137092531,0.028037428855895996,0.0006347422753699506,0.0003873593678778711,0.0015951008535921574,0.0037780065710345903,0.004681553723200603,0.01840982213616371,0.009512538867942894,0.012160034233932495,0.03780744969844818,0.022460666625426173,0.024957924136470824,0.08239323645830154,0.008239751350349532,0.011700255981336737,0.051702745258808136,0.004689145373749153,0.007063650197878477,0.028208540752530098,0.007758524476696785,0.012686081438188189,0.05053210258483887,0.023446347206257857,0.01451911648574015,0.043410152196884155,0.015174402019534355,0.009359404615499292,0.032860904932022095,0.07216800314684708,0.04381665406350054,0.1926097422838211,0.00019820106795939352,0.00012508775105706836,0.0004955357289873064,0.001849131015404008,0.002029070383045483,0.008452174253761768,0.0007361213155001259,0.000704363415093428,0.0026535149663686752,0.013032221181604724,0.00879548307186007,0.032521117478609085,0.08081298560286179,0.06189135930754313,0.25755828619003296,0.02360511774485274,0.025693082441098435,0.06920959055423737,0.02019330249888112,0.022464850328635214,0.062394507229328156,0.006302827054288429,0.004725218393585049,0.017627038061618805,0.11820825619193223,0.05316387450578603,0.2639026939868927,0.03560891055997509,0.061416777266916606,0.2573350667953491,0.016559284943818618,0.028214225375569182,0.12414134293794632,9.403561692194602e-06,4.112503220922234e-06,2.036831392615568e-05,2.368499590141791e-06,1.8869924149806517e-06,6.823201147199143e-06,0.021899210121866932,0.02405953656060651,0.06556825339794159,0.006645272719488742,0.00834881426790915,0.028108635917305946,0.005002002533262548,0.0023981826440338133,0.009265768807381392,0.2897805304099352,0.100609800310125,0.5121908187866211,0.011964623916309135,0.017152416663615888,0.06797236204147339,0.28119287315087443,0.01304499189126901,0.03594130956197277,0.007621989034669503,0.2681281038280234,0.020958243760778775,0.16790486533881743,0.09505976696138461,0.0879737308546168,0.23312391169946867,7.1910389575321165,1.6874228468159778,11.519900566175313,1.6549896491047258,3.9219807718648134,0.15695524551828985
Y4D-012,4th Year,4,4,Positive,High,Positive-High,True,0.014933953381010464,0.006979629182858584,0.026898955926299095,0.02992835062822061,0.02368465175674112,0.07437805086374283,0.0166027882934681,0.015798921299403725,0.06683337688446045,0.19045516699552537,0.06713511224416933,0.4631192982196808,0.049440950314913475,0.025754603043666665,0.15612725913524628,8.172258177572596e-05,9.230387004366294e-05,0.0003792842326220125,4.191691549034918e-07,1.8510953503208503e-07,8.882909696694696e-07,1.1244766732992113e-07,6.695850023210386e-08,3.0746230095246574e-07,0.11465819169368063,0.12451585854524908,0.5831475257873535,0.1278554822717394,0.10162776013560382,0.49653956294059753,0.10073343249303954,0.1268721509040048,0.5864652395248413,0.10771184739257608,0.12312524856275965,0.5689558982849121,0.44664112414632523,0.15662768364982374,0.6934581995010376,0.009258313503648554,0.00616071155950757,0.02372032031416893,0.00733497432832207,0.0035596309906624894,0.016394171863794327,0.4737054296902248,0.1570810599991458,0.7159392833709717,0.176335982738861,0.11028577364122183,0.44108688831329346,0.1606298919501049,0.10547316286900422,0.41229909658432007,0.5634285075323923,0.07766407743947329,0.7877464294433594,0.3725320611681257,0.10025221466768541,0.5722975730895996,0.013514240009577147,0.006536028101346844,0.023085512220859528,0.0042110003967536615,0.0020019919497562136,0.008337371051311493,0.0005036554974919584,0.0005458810950459636,0.0019097896292805672,0.011082374743585076,0.018118142881328302,0.06658264249563217,0.06560642699145579,0.08580788617311767,0.250338077545166,4.335599842306692e-05,3.767669602099627e-05,0.00018809169705491513,0.0034017221673691114,0.004125510479494482,0.014772936701774597,0.003940849844366312,0.0030018567192051835,0.017833087593317032,0.007274653489834496,0.003471365928447474,0.015400152653455734,0.0015633308663512123,0.0016266352458274276,0.005721489433199167,0.0011937307946936926,0.0011978137477284979,0.004342041444033384,0.026853845043972667,0.03995358724338361,0.1408103108406067,0.007744827522297523,0.011037633792485714,0.040825456380844116,0.016476797051810925,0.028138814464393473,0.1191059947013855,0.012405013754739359,0.022158501316718274,0.08549509942531586,0.03428872108259903,0.02339798299133016,0.07059698551893234,0.0822689114138484,0.043609216414570925,0.15631671249866486,0.0643982273792582,0.15353612022713828,0.6889001727104187,0.00023515027473227488,0.0003148702306569883,0.001448922441340983,0.0033782445809005628,0.0013778663137607118,0.005787509959191084,0.007172717619687319,0.004163307089228888,0.016236988827586174,0.025247222290324445,0.031267415798030516,0.09360389411449432,0.00887962116394192,0.006488520103320821,0.021801073104143143,0.44581731370308264,0.32060365931596446,0.8189960718154907,0.48659820118794284,0.3297024726469011,0.8374953269958496,0.023700679841567762,0.0340272749525197,0.17048965394496918,0.051329516447315524,0.060706424369718945,0.2729686498641968,0.0020833782169834844,0.003044103083354056,0.014785630628466606,0.002071050837652625,0.003189189232080645,0.012130152434110641,6.831017117292504e-07,2.630082631277218e-07,1.656413814998814e-06,1.6186065441356081e-06,7.928227462531091e-07,3.021710881512263e-06,0.46620775744551274,0.3246050939483381,0.8268344402313232,0.0013785308305224524,0.0014082671866838758,0.005031765438616276,0.022431152004615536,0.014518509732098664,0.0478340107947588,0.0166027882934681,0.015798921299403725,0.06683337688446045,0.06560642699145579,0.08580788617311767,0.250338077545166,0.46798028435025896,0.0010391826907229934,0.05050744335025383,0.01146360647391469,0.27870807590602886,0.05814261736945774,0.06782824378276278,0.09074961269388435,0.09517355701757967,0.24952442619023105,6.450408129853516,4.809184210488427,15.666556518622675,3.395026801831169,-4.4784664183779235,3.8565397522714524
Y4D-013,4th Year,5,4,Positive,High,Positive-High,True,0.01503107538729003,0.008082871497582206,0.04150105640292168,0.020081298806789247,0.016845774370722277,0.06340611726045609,0.026869055956150547,0.014319075850455993,0.0666947141289711,0.17299515731406934,0.056429979484725584,0.2776879072189331,0.07228396607167793,0.041021136136893684,0.18150949478149414,0.00020709826237703743,0.00021687730399782518,0.0006826463504694402,3.10412227208596e-07,2.758836815845939e-07,9.547317176838988e-07,1.6326674369362548e-07,1.1220912103811247e-07,6.101481062614766e-07,0.2392754563779542,0.059194916254147516,0.338828444480896,0.2543318063923807,0.08838136036329015,0.40747350454330444,0.2652889101794272,0.08494411359739068,0.4552687406539917,0.2526983817418416,0.07489328796729106,0.42936909198760986,0.09727195318731846,0.118450390065507,0.32685405015945435,0.25805469562835764,0.2275804786317618,0.7464416027069092,0.25590510719991993,0.22782724954579014,0.7426238059997559,0.0897250563632979,0.10864959706717187,0.2945498526096344,0.050445719876072624,0.016406075010261346,0.0790848359465599,0.04137966584301356,0.015149346043832581,0.06933577358722687,0.4574484418738972,0.11833134295736877,0.6923496723175049,0.35840858835162537,0.0668799794516696,0.5094274282455444,0.00540699301795526,0.0015418908814904947,0.00961077306419611,0.0020953470904549413,0.0018348239968094182,0.005942916963249445,0.001166486980351196,0.0010721348266541357,0.0034835911355912685,0.0015406499944881282,0.004664414351612936,0.027861516922712326,0.009025496042643985,0.008734421231182905,0.03337623178958893,6.999800550464428e-05,3.703294210560827e-05,0.00020854953618254513,0.000770514544318289,0.0005273992759143129,0.0026166047900915146,0.040081122791338145,0.026077683098839552,0.11341390013694763,0.016616594367378362,0.013964469007918423,0.0639648512005806,0.00013543398202559177,0.0001978209312484206,0.0007267202599905431,0.00022883176094031418,0.00032806969706538437,0.0009063939214684069,0.058255458546971735,0.06339708911936702,0.3010803163051605,0.0014097392911274007,0.0015650237774291955,0.006035856436938047,0.03610484769921062,0.04531859068315385,0.1771196573972702,0.06700821077648664,0.0952448535866709,0.30010637640953064,0.020239742529211624,0.013568600825553596,0.07576460391283035,0.014025055295364424,0.007849250466701162,0.033010635524988174,0.11036287897238226,0.08976397942437533,0.373851478099823,0.00382612648095484,0.0037313758310961163,0.013394404202699661,0.0017017064339156743,0.0025956138492836222,0.012868373654782772,0.0025178832707531524,0.0016171430870927281,0.008667439222335815,0.006948993707544904,0.02318792465110512,0.1167820617556572,0.012022004392223827,0.0094165184075389,0.03030778095126152,0.34969649255226337,0.28344599334585774,0.782958447933197,0.30298780539217685,0.25171630271506873,0.6614359617233276,0.001994217481820449,0.0022715902721040905,0.007619471754878759,0.03644626798940766,0.07431201490339742,0.284973680973053,0.3256224670141378,0.3366555619669165,0.8489508628845215,0.32811163777064806,0.34393672989566787,0.9087223410606384,2.9898059520664075e-06,9.853233877045691e-07,4.930214345222339e-06,1.1322670798797458e-06,1.1363931579744279e-06,3.583218585845316e-06,0.32634214897222014,0.2671103542364859,0.6978329718112946,0.00018213287148295296,0.0002615704978053725,0.000816557090729475,0.017556187097039638,0.011911112759553793,0.04904301464557648,0.026869055956150547,0.014319075850455993,0.0666947141289711,0.009025496042643985,0.008734421231182905,0.03337623178958893,0.4079285151127613,0.16343455671445445,0.05984667996977313,0.014575465697439444,0.21727572195109737,0.023746440569892162,0.1847249082620802,0.2050485743143355,0.10713524137078625,0.3860644090810787,-1.569942391527396,3.1279535901194198,8.820718752562643,10.176689209497297,-6.72526828904494,4.92865803601955
Y4D-014,4th Year,4,5,Positive,High,Positive-High,True,0.04422181169269607,0.02664184715810223,0.10134923458099365,0.05523302419227548,0.03050032877708249,0.11850228905677795,0.036179970176890494,0.07686104887311022,0.4498114585876465,0.087971535846591,0.09822050784277776,0.547277569770813,0.07113927461206913,0.07951187924747025,0.4901537597179413,8.894580632841098e-05,0.00011203216786754652,0.00036222647759132087,5.057539080155493e-07,3.7093630583071946e-07,1.5465958540517022e-06,8.308273518764509e-07,5.940213541345125e-07,2.121615352734807e-06,0.20920606568455696,0.14188763079178587,0.7030889987945557,0.14641277238726616,0.13233438499514982,0.6056213974952698,0.16595995619893075,0.17961479451576023,0.7552188634872437,0.16397518016397952,0.18834337707483736,0.7710185647010803,0.005802241018973291,0.006623525991964517,0.033209312707185745,0.47275797024369237,0.24600491539284225,0.8068934679031372,0.4574086397886276,0.22512010132520854,0.7867680788040161,0.016326413990464063,0.018824466054137935,0.08286059647798538,0.1046060340013355,0.06642409894479671,0.24921481311321259,0.10289680771529675,0.06837692664422897,0.24950672686100006,0.43556383192539216,0.05300047316387636,0.5669924020767212,0.457816481590271,0.04561150563257342,0.5608099699020386,0.004316094836685807,0.0017315954352322943,0.007914203219115734,0.004685459967586212,0.002372060236700952,0.009805719368159771,0.0004174250321375439,0.0003666274019325019,0.0012141059851273894,0.000289643005526159,0.0002588092880123853,0.0012751428876072168,0.09838590881146957,0.16564168503149077,0.5124971270561218,0.002143728136725258,0.0036961380166411453,0.01692880131304264,0.002177794332092162,0.0025034005287534254,0.008968700654804707,0.032919864449650046,0.019607047632401682,0.08235683292150497,0.0015457913128193467,0.0010519598737843015,0.0048355902545154095,0.0001627889384599257,0.0002984100493693884,0.0018483512103557587,0.00020470946108616772,0.00031936054767156937,0.0019039360340684652,0.026161416781833396,0.0257488545798589,0.08997237682342529,0.011343064259272069,0.010248135110204178,0.04332850128412247,0.010638190174431657,0.01704262055635532,0.06663352251052856,0.018458170712037827,0.02714507925142243,0.08642766624689102,0.039468979164958,0.013978361591284526,0.06834118068218231,0.00934319434221834,0.005458149536956105,0.022546891123056412,0.07254429962486028,0.0641087305100743,0.3235819935798645,0.0003425456905642932,0.0004220030336179828,0.0021614597644656897,0.001878591637359932,0.0011506317662709855,0.004456855822354555,0.0026591917549376376,0.0024079668810411603,0.010908549651503563,0.012305926789849764,0.021651756973275656,0.10554374754428864,0.020388686722144486,0.018432806457496783,0.08955308049917221,0.30185139342211187,0.24488806394402668,0.70835280418396,0.20860756766283883,0.19183714495632778,0.4896089732646942,0.012802046810393222,0.01576166022849539,0.06930065900087357,0.015714788921177388,0.010242908407425193,0.055062226951122284,0.008050002114177914,0.013509935684258107,0.05177778750658035,0.004980793300928781,0.007665900659652325,0.03743203729391098,2.6086829143423527e-06,1.4815398436080955e-06,8.499682735418901e-06,1.5282300932994986e-06,1.0618701820253898e-06,4.393941253511002e-06,0.25522948054247535,0.21495781655167862,0.5401607304811478,0.00018374919977304672,0.00030836808242637074,0.001876143622212112,0.04972741794248577,0.02816417464288798,0.10883709043264389,0.036179970176890494,0.07686104887311022,0.4498114585876465,0.09838590881146957,0.16564168503149077,0.5124971270561218,0.4466901567578316,0.003258733082028584,0.050462061904535144,0.010002341079020831,0.2584387371603937,0.05912877276359653,0.06303466703640662,0.11103437414238301,0.12279681750046192,0.3764174502484615,9.401344981511636,2.5828061809429923,-9.70808998400638,4.849136626508149,0.6803175822024126,1.1236270737542884
Y4D-015,4th Year,4,5,Positive,High,Positive-High,True,0.01398218241195346,0.010071980240121795,0.041241347789764404,0.01224659120414926,0.010587013979731207,0.048994168639183044,0.09536807676560657,0.0644290687859003,0.24661462008953094,0.23079044198574022,0.086559216567561,0.40997302532196045,0.060796232547524365,0.026992497807026117,0.1260138601064682,0.00013693807326236248,0.00010530349301840108,0.000434543879237026,6.767453884930187e-07,4.851326836222555e-07,2.201370534749003e-06,1.8979807550934754e-07,9.972147906059346e-08,4.744167938497412e-07,0.19160010007231734,0.10634724137099894,0.4984785318374634,0.2063322479641715,0.0938020396027965,0.4873897433280945,0.2963871248932772,0.09156758116047983,0.4723815619945526,0.2758233924937803,0.07685886584131138,0.4514835476875305,0.2272377500356565,0.13929567362368941,0.4423608183860779,0.09856728954933756,0.2342140527335615,0.8637427091598511,0.1023498916522015,0.22624022051009413,0.842647910118103,0.2075296415105397,0.12237633402186947,0.41217970848083496,0.03262941942138727,0.012507208171677666,0.07023373991250992,0.028233559412318608,0.01124883054824173,0.053506504744291306,0.3345780985993008,0.06279033239997574,0.4539283514022827,0.3133550750654797,0.08055435606487504,0.4777841866016388,0.00542742244054585,0.0024597698264303687,0.012864988297224045,0.002272396324727641,0.0010132147182195421,0.004088527988642454,0.0011606200377025024,0.0008026058761844781,0.0028334378730505705,0.001723603904856434,0.0013708633142170362,0.006224306300282478,0.00688173936620398,0.010886090396358553,0.05647285282611847,2.5668798200989163e-05,1.522431398492049e-05,7.518910570070148e-05,0.0002536698812036775,0.0002582813746983196,0.001185406232252717,0.011057078015319136,0.010729905807957692,0.05772389471530914,0.008190003537767849,0.005985371170721361,0.027972105890512466,0.0004997473872081596,0.0005471494825937052,0.002721085213124752,0.0005791586657345084,0.0006626476628224674,0.0033381024841219187,0.02220186146401237,0.025054445896180673,0.12214093655347824,0.0007568789736725131,0.000781254288955802,0.003039837349206209,0.05307948452130848,0.05402199219784988,0.21390317380428314,0.0697287080881303,0.08060132101148144,0.37706008553504944,0.07032521039810638,0.08939672455302981,0.3755446970462799,0.06593889784241139,0.05451651373724214,0.24546223878860474,0.026753242799015933,0.047596966065230735,0.29353824257850647,0.0018526947682149448,0.0008676402041792497,0.0040858653374016285,0.0013168737269277403,0.0005421001303551276,0.002562548965215683,0.0015191665683401921,0.0009378373093840769,0.004924711771309376,0.024542665400076658,0.05548111953309046,0.21023449301719666,0.04740873299712359,0.017417527552473847,0.0936378613114357,0.24329135024129564,0.13449914875197216,0.49264249205589294,0.21828020940166573,0.11005991020613984,0.3997209370136261,0.013165786637664708,0.007523135741676018,0.03680960461497307,0.04845171243826815,0.039451516557703695,0.1593271940946579,0.3046810804368105,0.23262213774895257,0.7365490198135376,0.3175431579909136,0.23891196037693171,0.729172945022583,5.306639269652213e-06,2.1027359105548394e-06,9.267218956665602e-06,1.914961922077668e-06,1.0704383852038063e-06,4.3905356506002136e-06,0.23078577982148069,0.12070805744453243,0.4461817145347595,0.000539453026471334,0.0006044012697704096,0.0030295938486233354,0.013114386808051359,0.010122787235309398,0.045117758214473724,0.09536807676560657,0.0644290687859003,0.24661462008953094,0.00688173936620398,0.010886090396358553,0.05647285282611847,0.32396658683239027,0.15555786500722896,0.05257972452467463,0.014036737365608811,0.2531695420708473,0.04607958652970463,0.1168072172574002,0.17881560342632974,0.09588851461422963,0.353820013634916,0.14390253952411977,2.1685309833802657,15.847093791746996,2.6458177125285776,5.274560388764309,2.8085470182514287
Y4D-016,4th Year,3,4,Neutral,High,Neutral-High,True,0.011746490728110076,0.0021343470339931594,0.01530039869248867,0.014260832741856575,0.0032242772307455314,0.020038915798068047,0.029174562767148016,0.008959657071499347,0.04047020897269249,0.16640532344579698,0.03603186764588191,0.2970700263977051,0.08726110816001892,0.019356668880310766,0.13048970699310303,0.00015266824379068567,0.00011608350315430318,0.00031688192393630743,1.3677529040023728e-07,1.0172011584475043e-07,3.658611831269809e-07,2.332941441807179e-07,1.5285715091044206e-07,5.764894126514264e-07,0.21981163561344147,0.031593843534814155,0.302091121673584,0.17854144901037217,0.04040590839411171,0.25966840982437134,0.17979856573045253,0.07924239884321571,0.32424396276474,0.1916862215101719,0.07303262854495646,0.31718501448631287,0.4147088208422065,0.23064248465246234,0.6325299739837646,0.0720000920072198,0.13971387890015774,0.4648101031780243,0.07120562458410859,0.1374651373257621,0.4553401470184326,0.4063800742477179,0.22669374358698363,0.6264713406562805,0.06595643550157547,0.050100269587566526,0.2692560851573944,0.06181744635105133,0.04925177396390548,0.2654522657394409,0.39283576250076296,0.05628496347851575,0.4833616614341736,0.2925953459739685,0.03093655343953803,0.35763493180274963,0.005435237884521485,0.0012057735983298332,0.009708181954920292,0.0015411928715184332,0.0005675099456728291,0.0025588488206267357,0.0012594756280304865,0.0009044956798740044,0.0027483184821903706,0.011992916213348508,0.006728296044929671,0.025690102949738503,0.05031062953174114,0.040926208355437345,0.15428082644939423,2.9866527947888245e-05,1.0697952838700969e-05,5.0740622100420296e-05,0.0018010281235910951,0.0011501114530114074,0.005244704894721508,0.033141202870756385,0.028528970485611333,0.08476093411445618,0.0009509811783209443,0.0006942225024927337,0.002224869327619672,0.0004515220993198454,0.00034723832178073827,0.0014235895359888673,0.0009497139177983626,0.0009004166262435738,0.004214232787489891,0.005425783914979547,0.0028395312292102703,0.010043087415397167,0.07232509465888143,0.08539861491090998,0.26699113845825195,0.048031151397153735,0.03598070966138528,0.11706286668777466,0.06290081456536427,0.049422303376504106,0.15873144567012787,0.05754137646406889,0.05075268083854089,0.1366206854581833,0.041515610069036486,0.018655154602752747,0.06532703340053558,0.004861977514810861,0.005404823531451375,0.023131603375077248,6.148766554474605e-06,8.934657034058436e-06,3.855341856251471e-05,0.005121313724666834,0.003890457700207262,0.01651906408369541,0.021414958909153937,0.0061678787831874245,0.037818510085344315,0.0005573737778468057,0.0005576465641363547,0.0028700735419988632,0.004317263723351061,0.0031330353607310754,0.0122002512216568,0.029613078667025547,0.03892241064646202,0.11473673582077026,0.013266167848632904,0.016954757855033142,0.0490986704826355,0.0033178270724602043,0.003138574062885449,0.009745985269546509,0.025317330863326788,0.026839485588980555,0.12465950846672058,0.016048205898550806,0.02179318759654647,0.07348737120628357,0.004836027316378022,0.00615069854978259,0.02057381346821785,1.794353639752444e-06,9.364687731402202e-07,3.5554014630179154e-06,2.20306446522045e-06,1.7361311832450097e-06,5.659926500811707e-06,0.021439623257829225,0.02793438830453176,0.08191770315170288,0.000700618008559104,0.0006161955671919926,0.002818911161739379,0.013003661734983326,0.002146279639040522,0.016313789412379265,0.029174562767148016,0.008959657071499347,0.04047020897269249,0.05031062953174114,0.040926208355437345,0.15428082644939423,0.3427155542373657,0.00522205765825845,0.03280714194660316,0.009280421418957093,0.2621631094960281,0.012508310648399006,0.24219128589956362,0.16017697030861475,0.05775555213316945,0.23321875652498134,-1.2982088773384222,1.4894226093671485,15.028664779647595,0.9443703852002568,-2.0901203027785575,0.3110744780282669
Y4D-017,4th Year,3,4,Neutral,High,Neutral-High,True,0.10906774846130404,0.04238996881228523,0.20079417526721954,0.13765175235939436,0.07414516718233378,0.28840792179107666,0.01476659819258955,0.015447304858302294,0.08719684183597565,0.019269065802981114,0.012095490722034032,0.05436857044696808,0.011730489252809563,0.012411554940046395,0.05643811076879501,0.00015833030815413403,0.00020574035062388135,0.0008083269349299371,5.791064872084917e-07,4.2841158218959676e-07,1.4796153209317708e-06,4.6590636305287763e-07,3.227896955547052e-07,1.1833188864329713e-06,0.4779651812438307,0.14912802731362518,0.6896158456802368,0.4023332451951915,0.07441525579048036,0.5608605146408081,0.5243370887534372,0.14496359012503512,0.7033032178878784,0.4998067905162943,0.1340169419190306,0.6883986592292786,0.08207322001971047,0.0604238583134552,0.25746309757232666,0.11123072240373184,0.08036211125634479,0.30135464668273926,0.10824229526494084,0.07764549634843321,0.27650460600852966,0.07620905481021979,0.06051284342447136,0.25168630480766296,0.024118587406801766,0.016704846225429906,0.060640715062618256,0.019139497476662028,0.01152807223535215,0.04628773778676987,0.48259555060288,0.09649702518068302,0.695448637008667,0.4790054888560854,0.08590291057149453,0.6706869602203369,0.0021058967284826114,0.0012515032523778577,0.004567355383187532,0.000816243221975285,0.0005563959373614582,0.00309874233789742,0.00035276022279127764,0.0004156213660253045,0.001581422402523458,0.000560423358522179,0.0004276003737482847,0.0021039394196122885,0.009213167379192751,0.015134635220804838,0.05436104163527489,0.00011835865535462729,0.00023813868767419652,0.0011234713019803166,0.000694876089631901,0.00040141967694072876,0.0017782440409064293,0.02896344626386618,0.0270668760150379,0.14992764592170715,0.010132887577316884,0.005446778791066251,0.029424520209431648,0.012258260825233422,0.025244765765438267,0.13033780455589294,0.01921792502328352,0.040176115597110616,0.20183983445167542,0.003908015437634182,0.006303337644091574,0.020410027354955673,0.0011715732357672473,0.002083072388749372,0.010018810629844666,0.020675225820735343,0.05262482068560302,0.21623319387435913,0.03702718508205588,0.09630241854524123,0.38242307305336,0.13346655140149183,0.07301937013659654,0.34645867347717285,0.08865472873480156,0.05421598725801556,0.20779311656951904,0.0029833687304776034,0.004230192419526298,0.01921662874519825,0.007120531846810301,0.014187295783395322,0.05848922207951546,0.021215968179227464,0.02299398143138981,0.08717143535614014,0.016017477822907526,0.015239050361643205,0.06453310698270798,0.18088754770699247,0.2942982099546935,0.9595983028411865,0.05364695188171904,0.052276527579731655,0.23282651603221893,0.3304392059237279,0.26013607700215446,0.6950337886810303,0.2805724268747044,0.2287207374049697,0.6180435419082642,0.012077522287466403,0.012781717312430989,0.04810214042663574,0.05662388588173379,0.04601164285480765,0.15759718418121338,0.22309634230171876,0.24387658586183147,0.7321829795837402,0.19185873071647025,0.21849108897261094,0.6012219190597534,1.5177729839533953e-06,8.754700277123396e-07,3.674094386951765e-06,3.4336313833278086e-06,2.0289426884219944e-06,7.599980108352611e-06,0.30550581639921615,0.24414787870923832,0.6491414308547974,0.01573809292425847,0.032638865660971135,0.16608881950378418,0.1233597504103492,0.050594470229655596,0.2235371693968773,0.01476659819258955,0.015447304858302294,0.08719684183597565,0.009213167379192751,0.015134635220804838,0.05436104163527489,0.48080051972948273,0.10374000610563908,0.05809709461695143,0.021345036273934706,0.14054547107120902,0.04756876201966879,0.0722629367941111,0.12142689162472148,0.09800943062753785,0.3867703428963335,-12.32518999535739,1.9381383461481363,3.0368411024148916,4.640062438162645,1.1219501660607212,4.156348150351931
Y4D-018,4th Year,3,4,Neutral,High,Neutral-High,True,0.0002522158284715591,0.00032279060460794644,0.0010485692182555795,0.0003895673009372496,0.0004958252532077189,0.0017750054830685258,0.6013106663118709,0.22661435929351156,0.9309582114219666,0.751177655024962,0.17024905650635946,0.9689465165138245,0.5786517885598269,0.20456512622073778,0.8781254291534424,0.00021052446820910765,0.00013487859637194313,0.0005760277854278684,1.2017053359675793e-06,1.2883008535561146e-06,4.841019290324766e-06,4.2173970110132525e-07,2.922296590625175e-07,1.1530238452905905e-06,0.4243025623939254,0.18035761364566233,0.7885360717773438,0.3979952690953558,0.1915267819978041,0.7606183290481567,0.633567442948168,0.13495519208262594,0.9082590341567993,0.6001994623379274,0.14338877608400283,0.8981096148490906,0.09511901260438291,0.06417216261283243,0.19589148461818695,0.08295595053244721,0.07177959523517222,0.24748554825782776,0.09587259853089397,0.0639480350497923,0.2322355955839157,0.09965997371314601,0.06110963826330485,0.19494108855724335,0.009504838825457475,0.005729676305676753,0.024452269077301025,0.0073210224350491035,0.004555473090016101,0.021371914073824883,0.24091170423410155,0.0985908730565202,0.5184153914451599,0.25899940119548276,0.11833703826405487,0.5081413984298706,0.0031863978497726334,0.0032337223931311367,0.015997156500816345,0.0016746414138734426,0.001972136830388071,0.008953227661550045,0.0005289266198153862,0.0005994789497875421,0.0027419612742960453,0.0024886546664426783,0.00165563662999839,0.006709754932671785,0.0711587691383267,0.05373402779143092,0.15909303724765778,0.0003300456716550054,0.0003984043357018853,0.0014099905965849757,0.02579129753443836,0.028694516610741908,0.11290613561868668,0.04896864371204918,0.04955756314435072,0.17968381941318512,0.06018369488248771,0.0415258410700238,0.1412140429019928,0.00035249155794791034,0.0011223075585717387,0.00486536230891943,0.00047566909220687523,0.0016127602092320303,0.007401780690997839,0.020768902518532494,0.01472801834368706,0.05349693447351456,0.004229047093593346,0.005582959039640325,0.021734241396188736,0.02518600163007663,0.06337315295203091,0.2791261076927185,0.02750015091243602,0.07018766451738724,0.32225072383880615,0.09306644495915282,0.05225387156089681,0.172544464468956,0.14033519273454492,0.05466492224850831,0.2337142676115036,0.04026811855675822,0.018632124086857528,0.07885628193616867,0.015105291601106397,0.020108318145561604,0.057028818875551224,0.01233104255516082,0.007395554964449053,0.02747345343232155,0.023312008389356462,0.020082742493727625,0.07442188262939453,0.023269681971710685,0.03440223444589191,0.10309284180402756,0.03552392301869325,0.03200678227190028,0.09286826103925705,0.16554278482429005,0.12016153692827974,0.37689805030822754,0.18111430887471547,0.11753157730487296,0.402549147605896,0.0021078314037533182,0.004765235313751704,0.01880786195397377,0.007278964021348987,0.01815369244410223,0.08488737791776657,0.13158015092961828,0.16756265295724526,0.6538637280464172,0.15668864277276126,0.20053699581051185,0.6857981085777283,1.8702724508495356e-06,9.308097207938219e-07,4.830310899706092e-06,1.0581583661012866e-06,7.815391007394776e-07,3.434677864788682e-06,0.17332854684950275,0.11675704946169792,0.3718005418777466,0.0004140803250773928,0.001364112001070187,0.006133571499958634,0.00032089156470440435,0.0004075072202797102,0.0014095429796725512,0.6013106663118709,0.22661435929351156,0.9309582114219666,0.0711587691383267,0.05373402779143092,0.15909303724765778,0.24995555271479217,0.07206793053329913,0.05778573757635795,0.021846722880820835,0.19726863748086626,0.07799219981395837,0.024734818512389536,0.14076089727791044,0.07346914875849424,0.307135702560367,-8.29460834852277,8.09041444003547,4.776531454427097,2.2907947798024964,-1.3832419257225301,2.5486258665934045
Y4D-019,4th Year,3,4,Neutral,High,Neutral-High,True,0.008760230441891639,0.00681766968550105,0.018148992210626602,0.017812121071204143,0.012462577942471131,0.03728519380092621,0.13272681379956858,0.1709237506964655,0.5719689130783081,0.2709740983056171,0.18694060493763237,0.6763054132461548,0.07817831708650504,0.04629178287769829,0.22355377674102783,0.0002521438740846601,0.00015212028206576829,0.0005550255882553756,6.373085640173517e-07,3.4963379629631557e-07,1.441715426153678e-06,3.8376926563594385e-07,2.822513462755267e-07,9.678337846708018e-07,0.2018748734678541,0.07874464884239839,0.33652806282043457,0.19538045381861074,0.09434190844887519,0.32331398129463196,0.4831524414143392,0.1382822694657463,0.6116306781768799,0.4411280171147415,0.1285104259308427,0.5760054588317871,0.18718755327531003,0.10692089526618144,0.36823269724845886,0.1205309997977955,0.21585831984667936,0.7155267000198364,0.11441838771237858,0.21761918609696698,0.7222936153411865,0.1967710084614477,0.11614649458512646,0.39508143067359924,0.02401373305890177,0.019448371960198642,0.10333183407783508,0.018176552490331233,0.021589200635169736,0.10683510452508926,0.46220117647733006,0.13130979821506905,0.6060518026351929,0.3207554966211319,0.06455249785749646,0.40062373876571655,0.00848889083135873,0.004528839754583287,0.02449357695877552,0.0035056869985835093,0.003882489737387714,0.014377151615917683,0.0012155719024511719,0.0006927476360168534,0.003585734637454152,0.005284796976151743,0.002654797616968857,0.012512791901826859,0.00594866464754367,0.003787780711200525,0.013925904408097267,1.0748448996114998e-05,5.426305195129621e-06,2.1976407879265025e-05,0.0004099763445992721,0.00026729806639014795,0.0009867741027846932,0.010964145717610205,0.003774066571350798,0.01857048273086548,0.019065839970218285,0.00979359726175376,0.031854256987571716,0.0006328315540875857,0.0006645422269910336,0.002500484697520733,0.0006451977218213349,0.0007462847034610573,0.0029916397761553526,0.004212880049765643,0.0017829938933254688,0.008032826706767082,0.006756840390153229,0.010477486622673051,0.046646032482385635,0.01669432547558764,0.0142070437797895,0.061719875782728195,0.017494580550451895,0.015090908720262284,0.0652369037270546,0.058258094425712316,0.0179472473472132,0.09481959044933319,0.1450146245104926,0.03966531307271628,0.22984912991523743,0.00368096463664967,0.0023720757357454706,0.010194697417318821,0.00019296409547158483,0.00014405547721607468,0.0004944875254295766,0.005072178175656258,0.002530487903440209,0.008909513242542744,0.018413143569237685,0.015748442646359457,0.04792719706892967,0.0077775846834161454,0.0032925862603938798,0.02016923762857914,0.021887995901384523,0.01005221618468228,0.05011717975139618,0.5552119772349086,0.22872175082305043,0.8119319677352905,0.5560829487762281,0.23474040471105576,0.8097917437553406,0.012441095821226813,0.01292113335375101,0.04265209659934044,0.026607380057352463,0.026959351763611094,0.09926822781562805,0.19956838579050132,0.11998957133433488,0.42616668343544006,0.17246374930255115,0.10273004769295647,0.41855108737945557,2.4045684645963254e-06,1.3882130298896235e-06,6.7981168285768945e-06,3.506477746384462e-06,2.145083870489896e-06,7.217339771159459e-06,0.5556474630055683,0.23132972564308674,0.8098709583282471,0.0006390146379544603,0.0007043446087784243,0.0027460622368380427,0.013286175756547891,0.009597474190030004,0.02756284736096859,0.13272681379956858,0.1709237506964655,0.5719689130783081,0.00594866464754367,0.003787780711200525,0.013925904408097267,0.391478336549231,0.09300951153481586,0.051903679934676546,0.012187361887831162,0.23414145108664794,0.047619264768205855,0.164962290709109,0.1386629908511391,0.027834107153365113,0.18610302194735298,6.146387223582907,2.883657481070513,13.230196443835975,3.2911605805714834,0.9762275191157962,1.7193878765542179
Y4D-020,4th Year,3,3,Neutral,Moderate,Neutral-Moderate,True,0.07228613750609969,0.05016071065965941,0.15738031268119812,0.10596682354807854,0.06103000797667084,0.1887662410736084,0.01654638356329607,0.02704842303798733,0.10211814194917679,0.11061447816235678,0.1193789502367639,0.4115617871284485,0.028374701152954783,0.0275062121058679,0.10242097079753876,9.586119797729354e-05,6.735311167824906e-05,0.0002536141546443105,7.449061643326007e-07,7.37514805774851e-07,2.6599639113555895e-06,4.1885355882089114e-07,3.9793967853754074e-07,1.7410047803423367e-06,0.11422607409102577,0.019651941120659513,0.1423690766096115,0.09239914140530996,0.017567822968388606,0.1181618869304657,0.11300711684993335,0.09675032770011903,0.37606772780418396,0.10517837532929011,0.09200684222121616,0.3550451099872589,0.027020837439756307,0.01321128197214815,0.05257467180490494,0.1329473313476358,0.11059913754415233,0.604211688041687,0.14360519434724536,0.09433442909322391,0.5546981692314148,0.04517141650430858,0.017402584971999306,0.07772157341241837,0.11952644134206432,0.056728221686511524,0.2827471196651459,0.12207356324153287,0.05650416549478947,0.28191229701042175,0.3687881737947464,0.07888766811833295,0.5083459615707397,0.4657504115785871,0.07940570081572328,0.5596531629562378,0.005751170005117144,0.002469009572333668,0.013647645711898804,0.005746040173939296,0.003128626573353794,0.015694404020905495,0.0009377153438565853,0.0009088649151634332,0.003510610433295369,0.0024931807769462467,0.0012276071731556657,0.004962855484336615,0.018720826278773268,0.01734908753714102,0.07675480842590332,2.5518693798533475e-05,1.658979504313438e-05,7.752273086225614e-05,0.0005679860457478623,0.0003078204275748484,0.0013004788197577,0.00209170303839658,0.0007499422581949349,0.004215727560222149,0.0019540490000508727,0.0009959319568201967,0.004656729754060507,0.0017649091572301196,0.001863627992838918,0.006695098709315062,0.0019377577305671626,0.002121819610600736,0.007145278621464968,0.021122396807186306,0.018490509910904198,0.08150675892829895,0.0018786124851820725,0.0004548512073726231,0.0027416066732257605,0.030563766498900285,0.04371065041387,0.1667228639125824,0.03880041527694889,0.06292321161521287,0.24491533637046814,0.024242119384663446,0.00848021624283401,0.037890803068876266,0.031721322132008414,0.015507895204192412,0.06743507832288742,0.016086197837388943,0.010742913291881326,0.04771946370601654,0.00020127237075939775,8.854307237094913e-05,0.00042870914330706,0.0009288599199083234,0.0001702230552012217,0.0014178211567923427,0.0022309238124372703,0.0013525698001149037,0.0049279420636594296,0.004001380444138444,0.0060124110816810045,0.019767869263887405,0.04386141803115606,0.018527748825984795,0.1121983602643013,0.1271661002188921,0.13160000930596574,0.3847082853317261,0.11599576306928482,0.11649300333059256,0.34926778078079224,0.041849360215876784,0.035879046138641,0.11334826797246933,0.0717377130607409,0.06576568350521524,0.24616274237632751,0.08276571439096837,0.13508735082153336,0.48144975304603577,0.09798813908959605,0.13935058245476845,0.4926939904689789,3.0187947426644054e-06,1.931263277391146e-06,7.945634934003465e-06,2.5161833020449973e-06,1.4234019560162854e-06,6.281414243858308e-06,0.12158093164408845,0.12384586746233135,0.36698803305625916,0.001851333443898641,0.001985587769636649,0.006920188665390015,0.08912648052708912,0.05516093751909378,0.17307327687740326,0.01654638356329607,0.02704842303798733,0.10211814194917679,0.018720826278773268,0.01734908753714102,0.07675480842590332,0.41726929268666674,0.045189847114652286,0.036471031726395424,0.008486446614701288,0.2727340941550799,0.007967611082000396,0.26255974938934595,0.13520445828657043,0.07682360661942793,0.2764137724770549,5.3993411142217935,2.050756558434017,3.782475640201218,1.007819831809806,2.2699412478805243,0.5888897663254034
Y4D-021,4th Year,3,3,Neutral,Moderate,Neutral-Moderate,True,0.1335792385282055,0.05732926515476299,0.22979573905467987,0.10501925692322754,0.05019911283459354,0.19447092711925507,0.00024974662418601165,0.0006400531889231387,0.0036530783399939537,0.0777476794056354,0.06086662219011912,0.32523080706596375,0.027790356187089797,0.012831668043447743,0.0916006863117218,6.711633476140466e-05,4.0849961562709794e-05,0.00017645586922299117,2.1162059196039845e-07,1.79086578878574e-07,6.106492946855724e-07,8.006046062662115e-08,4.511125064328721e-08,1.8776269428144587e-07,0.16835662554348668,0.07623632638550057,0.40851038694381714,0.27122673320193447,0.13369809994088494,0.5914720296859741,0.10962149681102845,0.08033834096035482,0.39043328166007996,0.1355134675339345,0.07390181982927826,0.35319069027900696,0.007931591710075736,0.004184016686869315,0.020627472549676895,0.25881211868216913,0.09582001653378641,0.48030856251716614,0.29145575723340433,0.059905636038917624,0.41994592547416687,0.025882057214696563,0.010080946983168321,0.05282539501786232,0.11243915005076316,0.04861005640298421,0.2545414865016937,0.07167315389961004,0.04147241108891142,0.20505699515342712,0.5487347841262817,0.05109097945085881,0.6695083379745483,0.3208337075287296,0.07639761472252807,0.479119211435318,0.006957770099923495,0.0023331653522023605,0.01366463489830494,0.0009234708164923734,0.0007562297054601495,0.0036740447394549847,0.00018807823236725637,0.00012749077354010156,0.0004652357310988009,0.00269151781873417,0.002736594722076901,0.013009200803935528,0.009880481201464371,0.018541590425664136,0.09166547656059265,1.574499246118883e-05,9.552572866060869e-06,4.549326331471093e-05,0.0006659415479178631,0.0005126677499540176,0.002377179218456149,0.0021573219808839984,0.0009610660609168403,0.0054230173118412495,0.01425339278554724,0.012351329844687517,0.04486042261123657,0.017378942162219073,0.01666637436360539,0.060457129031419754,0.02299082436929307,0.021606307605234094,0.0773177295923233,0.001013335607562875,0.0010151000874885272,0.0038391705602407455,0.0007709762177264859,0.0004236170112329477,0.002045710338279605,0.003124719942265543,0.00454279987455819,0.02199636399745941,0.0022359255858205988,0.0033682840151754577,0.016534920781850815,0.05309701873169791,0.03213278484951521,0.1407010406255722,0.289835755623156,0.13884977290518358,0.5098686218261719,0.0017806509896481951,0.0012102537397273118,0.0059880767948925495,0.0004465557691629886,0.0003356090895123108,0.0014107642928138375,0.010895641220192756,0.003763754759333438,0.017168305814266205,0.0021249629414430067,0.0010164380365388127,0.005105795804411173,0.12389735646185375,0.13099837261212058,0.4249647557735443,0.08411412595981552,0.055320600515297184,0.20586419105529785,0.00659606437529287,0.003372037867626988,0.014189210720360279,0.01029042937537475,0.004447393752288152,0.019500749185681343,0.006072460765755104,0.002868324936929912,0.014266167767345905,0.03715967192434736,0.030854672628720874,0.12151099741458893,0.009085220846651693,0.01428860247843661,0.06279309093952179,0.017109470224128134,0.026959403476077042,0.1142701506614685,1.3092181898026602e-06,7.134125752938628e-07,2.7439577934273984e-06,1.448948492657843e-06,1.118384397470197e-06,4.068161615577992e-06,0.00844324687533381,0.003794633461820431,0.01684497995302081,0.02018488326575607,0.019081428205511453,0.06888742931187153,0.11929924772571653,0.053485155841532676,0.21213333308696747,0.00024974662418601165,0.0006400531889231387,0.0036530783399939537,0.009880481201464371,0.018541590425664136,0.09166547656059265,0.4347842458275057,0.006549362309365572,0.028745413415769114,0.00887433549393162,0.22931093771162017,0.045695453006160576,0.09500338988474492,0.09363784569999575,0.06141727381131107,0.25428769730279205,3.3803267812618416,0.5122116110264219,15.740245921521499,2.189158806617526,-0.41082160132544254,1.1441806701207538
Y4D-022,4th Year,4,4,Positive,High,Positive-High,True,0.031412610181552524,0.02260744689609469,0.08288348466157913,0.05893782854956739,0.0370460944897583,0.1419449895620346,0.004290151183822137,0.0012377230263429342,0.00627872021868825,0.08039666410973843,0.027138664471538634,0.12114958465099335,0.015584424973520286,0.0057449728475774745,0.027087310329079628,0.0002213593186431407,0.0001741539587935054,0.0004988793516531587,3.197481456078154e-07,2.544205212917704e-07,6.710092179673666e-07,2.152576002935254e-07,1.3849162697585931e-07,4.20261841327374e-07,0.1552235370173174,0.054260087593078654,0.2452908754348755,0.23250583909890232,0.05582871295457969,0.3237202763557434,0.07810597702422563,0.03186486965064645,0.14049750566482544,0.11078623320688219,0.036763783225008104,0.18451352417469025,0.09029322235351976,0.06724959396728847,0.17740529775619507,0.2978808386799167,0.24885265887024502,0.7188860774040222,0.2334405562347349,0.23752973472840283,0.6336827874183655,0.040788970610318595,0.03530917511195351,0.11677604913711548,0.2504264918320319,0.06470891496980186,0.37429821491241455,0.19099435297881856,0.04318037466950867,0.2917238771915436,0.7121214884168962,0.03996007623562429,0.7980217933654785,0.6701407853294822,0.04608254504763102,0.727807879447937,0.008574443444719209,0.001834374489053566,0.011149191297590733,0.002813681330093566,0.0005703869576891705,0.0037996505852788687,0.0013784641470171183,0.0009282093940320376,0.00258625578135252,0.000911450016514316,0.000554668598882725,0.002286561531946063,0.012441407979863203,0.0112867260938921,0.04421968013048172,6.880800709255068e-05,4.9191518072016626e-05,0.00019985370454378426,0.0011015302914208459,0.0005292258490991499,0.002009861869737506,0.01495325954302269,0.012671780961430344,0.06038416922092438,0.015487931134617505,0.006740133224841981,0.03423883393406868,5.340581675655438e-05,4.181972836549934e-05,0.00013059793855063617,5.570276313365492e-05,4.0650644725791586e-05,0.00012766577128786594,0.018321226272211576,0.01299979181667945,0.04229051619768143,0.0015834942939417327,0.0009767396155654477,0.005536172538995743,0.03632375476766302,0.031205124997234795,0.09017984569072723,0.04786123687721128,0.040811804029630964,0.11629987508058548,0.028928796774433815,0.012779093707540476,0.048624638468027115,0.06662267380777527,0.03051057908796776,0.11444687843322754,0.011006131384740858,0.012091201774795002,0.05743858963251114,0.0003172667989822324,9.354904313894578e-05,0.0005243163323029876,0.0007505093723439666,0.00027962132712161915,0.0012668558629229665,0.016304715279736284,0.010649908332946817,0.03641321510076523,0.0015981493273583885,0.0020974075963925342,0.008983712643384933,0.0025565816048423156,0.0005924315602059757,0.003675928572192788,0.5560151171350085,0.3768708987680682,0.9251313805580139,0.5802860691705171,0.36663991740580476,0.9206889867782593,0.006972308512023815,0.005375756718986084,0.01669563539326191,0.025248262668302393,0.014826770908364656,0.04476763308048248,0.2272806213279503,0.2408353520120771,0.5518869161605835,0.27230684001016714,0.27640451377825154,0.6133443117141724,1.2708394629445298e-06,3.907287496257268e-07,1.8517191620048834e-06,1.384445955001384e-06,1.0533277696194991e-06,3.567683279470657e-06,0.5681505931527627,0.3714196401598566,0.9229101836681366,5.455428994510465e-05,4.117879019113269e-05,0.00012845809396822006,0.04517521936555996,0.02941967844687488,0.10872446373105049,0.004290151183822137,0.0012377230263429342,0.00627872021868825,0.012441407979863203,0.0112867260938921,0.04421968013048172,0.6911311368731892,0.12489752915588384,0.04954566763967446,0.007504322064429593,0.18669275692619913,0.034595831238961566,0.1358825997505666,0.1328462284958516,0.06375375952615094,0.2030790445358399,1.9355610390244915,0.5605627642337653,5.1112814606066435,0.17308023592071842,8.850847410241764,0.14950994939873183
Y4D-023,4th Year,3,4,Neutral,High,Neutral-High,True,0.007156970372307114,0.002621942254474063,0.012277941219508648,0.012478231449980134,0.005341533102220551,0.023157047107815742,0.08300124659823875,0.10043358181376848,0.4730033874511719,0.18103669894238314,0.05279874903220245,0.4013333320617676,0.06196133621657888,0.03881831656241294,0.2284913957118988,0.00018635717015058617,0.0001109702226186428,0.0003610932035371661,4.7499146689962873e-07,2.453583553032373e-07,9.544713748255162e-07,1.7688308329155689e-07,1.0006189021069685e-07,4.17284525155992e-07,0.1669976059347391,0.01636703181051952,0.20647813379764557,0.19160375682016215,0.026664588730274955,0.2583408057689667,0.22322891217966875,0.038897477177001344,0.30764129757881165,0.20633074827492237,0.033524637355984106,0.2781659960746765,0.031020449105805408,0.01169555955564773,0.04591486603021622,0.19629167206585407,0.15906123945888678,0.6913525462150574,0.1865628014008204,0.15390622981430754,0.667505145072937,0.027739699032584515,0.011688434509017888,0.04423777014017105,0.05415617177883784,0.009475752005379649,0.07519041001796722,0.04792559565976262,0.010887296110998815,0.07412192225456238,0.32716309155027073,0.02218618146733165,0.3606380820274353,0.3472740650177002,0.02776011241015435,0.39008235931396484,0.006282155731848131,0.0007629020542663234,0.008169811218976974,0.003404110456661632,0.0008397814969145415,0.0065979077480733395,0.0016289771713976127,0.0006360182175581874,0.002967804204672575,0.0008397714536840795,0.0005784424651635297,0.0019688555039465427,0.011783656441063309,0.00927671805152805,0.031323451548814774,9.518635594455797e-05,5.635557445738002e-05,0.0002140042051905766,0.00040388362594967475,0.00027297548915397384,0.0009298154036514461,0.008347255177795887,0.0037734317723819204,0.02195892110466957,0.019274763685340684,0.009415581784802065,0.047869253903627396,2.320254463938909e-05,1.8381201180058522e-05,6.599176413146779e-05,2.0902791789012554e-05,1.828360917216754e-05,6.755647336831316e-05,0.09663743386045098,0.03928158301501372,0.18758010864257812,0.0009250854685281714,0.0006963044120215848,0.002405451610684395,0.1533498354644204,0.10274697977224109,0.3015120327472687,0.1783962999470532,0.1339111491876608,0.3876458704471588,0.010850210227848342,0.0025729606043462102,0.016171714290976524,0.022295299141357344,0.005107761745991613,0.028532691299915314,0.1700253381083409,0.057431579392300515,0.30113306641578674,0.002207577873681051,0.0012420090318149477,0.005411376710981131,0.000823356334270405,0.0005201329630764113,0.0017418382922187448,0.003194665623595938,0.001657667608849047,0.00582133699208498,0.0004955904999709068,0.00019639323411003214,0.000869180541485548,0.014794979089250168,0.0036130358848771955,0.022644884884357452,0.48689837505420047,0.12321194498674927,0.689209520816803,0.5321190586934487,0.12653812289884775,0.7206506729125977,0.0021270359332750863,0.0006833514499015604,0.003485139226540923,0.003800794205744751,0.0031210985332541623,0.013440268114209175,0.3207683744840324,0.22777945985867884,0.7483023405075073,0.42257853131741285,0.2583411617761914,0.8071819543838501,4.075196225509596e-06,1.4103342359590106e-06,6.883342393848579e-06,9.527887196251564e-07,4.5120269066415666e-07,1.808436195460672e-06,0.5095087168738246,0.12454911055680609,0.7049300968647003,2.205266821420082e-05,1.827683042017657e-05,6.677411874989048e-05,0.009817600911143623,0.003971324390110265,0.017717494163662195,0.08300124659823875,0.10043358181376848,0.4730033874511719,0.011783656441063309,0.00927671805152805,0.031323451548814774,0.33721857828398544,0.1858379834465976,0.03601065506711525,0.01118618732227547,0.24944646777769286,0.009397590149239538,0.22390107444903604,0.24638643929048618,0.06576337178985805,0.33089490000753885,2.993049532880622,1.5542013943431152,2.57469394903924,0.5538257056029797,3.1850713563847926,0.4291417132501388
Y4D-024,4th Year,3,3,Neutral,Moderate,Neutral-Moderate,True,0.07736606643337643,0.05141442559117298,0.1877956986427307,0.08835335248008822,0.04633737648372188,0.1847013384103775,0.005689743712234001,0.004906813133888735,0.020383598282933235,0.0945930585942485,0.08688738866455094,0.3942714035511017,0.02341403498906981,0.012529172358319038,0.06872826814651489,4.295474903329071e-05,4.12304831443802e-05,0.00018357652879785746,2.481601729765647e-07,1.9804471965390645e-07,9.391002890879463e-07,1.4703165586059763e-07,1.165064688276507e-07,4.375549167434656e-07,0.29093380791671347,0.22583117497462651,0.7592905759811401,0.3037708072048245,0.22058082071533455,0.7050232887268066,0.3638537742874839,0.2654759358468874,0.8238962888717651,0.3503035539478967,0.25415199639165686,0.8085852861404419,0.028683756162398353,0.03572247325007543,0.11452111601829529,0.40851882935473416,0.3016038346638216,0.8592070937156677,0.39527252406784985,0.30134499546933696,0.8448758721351624,0.02314458059228138,0.02836136661253834,0.08144550025463104,0.042723017102671845,0.03674668020190646,0.14264462888240814,0.04019139071390258,0.04082046152415008,0.15110310912132263,0.4831485694104975,0.10340699733574038,0.6792013049125671,0.42700197841181897,0.08434963746554561,0.6241346597671509,0.004044187874321572,0.002214968377924281,0.00848421547561884,0.002072237242387156,0.0018130943549705518,0.0070670233108103275,0.0005187112820391176,0.00040086392842051506,0.0015876247780397534,0.0032940635649014657,0.003420927760238349,0.01105967815965414,0.009017223475507997,0.011348713413976448,0.05084708333015442,2.9452698182660352e-05,1.9299283270275342e-05,7.536073826486245e-05,0.0004660069571400527,0.0003410450077933436,0.0011998454574495554,0.0011652458713135936,0.0004633990328414236,0.002250725869089365,0.004040168884040957,0.001728183132353408,0.00766608864068985,0.002913810208128504,0.0032761710700510414,0.010115084238350391,0.00244197240527049,0.002593654391296005,0.007867102511227131,0.02688280712975415,0.03617154687763264,0.15145143866539001,0.007146902011961422,0.007836440558486665,0.034653712064027786,0.01661800952173177,0.024251622574003692,0.10562307387590408,0.012239861900029196,0.020695090442711044,0.09306143969297409,0.01490038921209899,0.010183309745838481,0.041717905551195145,0.04964153680273078,0.03110057221658614,0.12107168138027191,0.047616557641462845,0.056998759532155066,0.263489305973053,0.00010630020970535098,6.70995155928828e-05,0.0003102328919339925,0.0009320328703545259,0.00043861217998138397,0.0017144766170531511,0.0015892672862250809,0.0012788304813399379,0.0042054192163050175,0.0036569478221336435,0.003421662321946584,0.012564847245812416,0.028481064053873222,0.015793372994782336,0.06283890455961227,0.027674941538751944,0.03129052066531184,0.12452144920825958,0.029169922950765766,0.031929962222631746,0.13499745726585388,0.040248551654230774,0.03859183104916582,0.11838820576667786,0.03391183673220715,0.030850488251890917,0.12949013710021973,0.04154548704779396,0.08152459802832118,0.3147730529308319,0.06122905318625271,0.11781145860680872,0.4317859709262848,3.952706826952856e-06,2.0128429599338256e-06,8.358121704077348e-06,8.310435637695539e-07,4.803966246099615e-07,1.9070294001721777e-06,0.028422432244758856,0.031384583572376064,0.12975945323705673,0.002677891306699497,0.0029322818469921363,0.008991093374788761,0.08285970945673232,0.04831081488536347,0.1862485185265541,0.005689743712234001,0.004906813133888735,0.020383598282933235,0.009017223475507997,0.011348713413976448,0.05084708333015442,0.45507527391115826,0.02569483099610935,0.05232101347010811,0.012240228014923516,0.18140545579552678,0.09308214649559661,0.011113692584255253,0.10314779863450897,0.08842136096807153,0.2907898724411028,5.368709219556142,2.2646579419943995,6.885210456165476,6.331632969198022,14.509699634962326,5.801460491552688
Y4D-025,4th Year,3,3,Neutral,Moderate,Neutral-Moderate,True,0.02182342134515888,0.010510571552066287,0.038013309240341187,0.03247044772641467,0.012316774063554112,0.05195789039134979,0.012005719372869603,0.003641602188498755,0.020462365821003914,0.25301622519535677,0.11446284510506588,0.6011435985565186,0.09692231618932315,0.02493746385364128,0.1872340440750122,6.207862702467537e-05,5.017633813092917e-05,0.00022050477855373174,3.7852836649270624e-07,1.5724851341218922e-07,7.715265724073106e-07,1.507132493726106e-07,6.25093430744837e-08,2.580998739176721e-07,0.17289364790277822,0.13882666732234245,0.6410681009292603,0.18679723755589553,0.17396311638489506,0.7187656164169312,0.1276410963120205,0.17534269970034613,0.741100013256073,0.1289051610178181,0.16314650821911728,0.7033616304397583,0.16682970177914416,0.09747722527559183,0.43826043605804443,0.027999302172767266,0.023765723903858973,0.1085338294506073,0.04295535987642195,0.023971828928509,0.09714967757463455,0.16979052552155086,0.0714027235328281,0.3735235333442688,0.13859092171436974,0.05536135559104448,0.20356671512126923,0.11931604403071105,0.05177221416201908,0.1810082197189331,0.5508693733385631,0.068347350931074,0.755873441696167,0.4498037408505167,0.050484020701367434,0.5642013549804688,0.005042182635017005,0.0018182330388723052,0.007532504852861166,0.0032073402767959385,0.0017209891850319887,0.005672610830515623,0.00021083811153792858,0.00017569342246056811,0.0006919838488101959,0.0039924724759267905,0.0014674537631247364,0.006828874349594116,0.1746087402903608,0.09965316662603141,0.3248189389705658,0.0002733015116973547,0.0002320656175865358,0.0008917599334381521,0.06800948828458786,0.0639485735983273,0.24209721386432648,0.0003091140166101728,0.00016826038153945058,0.0007400097674690187,0.026802850953702415,0.010800737951330916,0.05806835740804672,0.0004346413632967077,0.0003516071770345657,0.0014419059734791517,0.0002338249579614577,0.0001769419318432436,0.0006703556864522398,0.007156856702100153,0.007109870647702292,0.022433724254369736,0.00027326983555602577,0.0002084031818512822,0.0008762533543631434,0.0074530399204897025,0.006578429270602549,0.01866995170712471,0.004046003286410789,0.00468251809956042,0.017120538279414177,0.012207252896457379,0.006916148396794723,0.031103288754820824,0.09291903608079467,0.052122509575694156,0.23000489175319672,0.11636917254820998,0.23383965932364764,0.7245951890945435,0.005377438039951292,0.004250929579681112,0.023488188162446022,0.0689558351379154,0.13217415904450922,0.3976333439350128,0.064749807917646,0.10921067036181212,0.34855490922927856,0.009559479709943324,0.015764462984216965,0.04419359937310219,0.002606592361449397,0.0026302828306066805,0.010663880035281181,0.010933768770519643,0.012944752846539712,0.04209965467453003,0.02780723417571096,0.03002774165252928,0.0895972028374672,0.022749278986274084,0.026537001328706972,0.08331621438264847,0.006440764996503796,0.004593279994461732,0.013395123183727264,0.00024515639170528757,0.0003638382403720436,0.0012157103046774864,0.0012288346390982546,0.0020984843284098127,0.007932795211672783,4.3845268089220166e-07,1.9080045179069793e-07,8.844026524457149e-07,7.80451656063568e-07,3.0473793264301456e-07,1.2439679721865105e-06,0.019370501473115302,0.02141356888305125,0.06584842875599861,0.0003342331606290827,0.0002612957506286386,0.0010561308299656957,0.027146934535786777,0.011028949532236744,0.042458171024918556,0.012005719372869603,0.003641602188498755,0.020462365821003914,0.1746087402903608,0.09965316662603141,0.3248189389705658,0.50033655709454,0.0003688024837851245,0.04102644014570733,0.010109748686224216,0.2530703940035837,0.07026698665056136,0.032454765658052526,0.09060062585973415,0.08266208521675865,0.223906153079085,9.98370735864442,2.364519774914236,0.5309035146743405,2.825074263817904,-5.046850987985082,0.5430696372988918
